trial,song_id,grid,decode,snap,tempo_source,beat_period_s,true_first_chorus_s,pred_first_chorus_s,anchor_error_s,anchor_error_bars,anchor_verdict,precision,recall,f1,median_abs_err_s,hit_rate_70ms,hit_rate_500ms,n_pred_boundaries,median_abs_err_beats
T0,176,librosa,smooth,0,librosa,0.48,60.9,60.98133333333333,0.08133333333333326,0.04236111111111107,exact,0.7848761408083442,0.9868852459016394,0.8743645606390704,2.405999999999999,0.0,0.25,4,5.0124999999999975
T0,10,librosa,smooth,0,librosa,0.4906666666666667,47.3,48.608,1.3079999999999998,0.6664402173913042,within_1_bar,0.9906790945406125,0.9562982005141388,0.973185088293002,0.9700000000000024,0.0,0.25,4,1.9769021739130483
T0,170,librosa,smooth,0,librosa,0.4693333333333333,45.7,46.496,0.7959999999999994,0.4240056818181815,within_1_bar,0.9656804733727811,0.7756653992395437,0.8603057459146021,1.8986666666666636,0.0,0.0,4,4.045454545454539
T0,219,librosa,smooth,0,librosa,0.4266666666666667,41.2,42.31466666666667,1.1146666666666647,0.6531249999999988,within_1_bar,0.7333333333333333,0.9313868613138686,0.8205787781350482,1.7766666666666708,0.0,0.0,4,4.16406250000001
T0,418,librosa,smooth,0,librosa,0.48,30.7,30.24,-0.46000000000000085,-0.2395833333333338,exact,0.9916107382550335,0.9609756097560975,0.9760528488852187,0.4846666666666657,0.0,0.5,4,1.0097222222222202
T0,151,librosa,smooth,0,librosa,0.48,63.8,62.944,-0.8559999999999945,-0.44583333333333053,within_1_bar,0.954248366013072,0.9898305084745763,0.9717138103161398,0.7513333333333279,0.0,0.25,4,1.5652777777777664
T0,502,librosa,smooth,0,librosa,0.6933333333333334,7.5,18.858666666666668,11.358666666666668,4.095673076923077,off,0.8998664886515354,0.7480577136514983,0.8169696969696971,3.489999999999995,0.0,0.25,4,5.033653846153839
T0,241,librosa,smooth,0,librosa,0.4693333333333333,45.2,42.922666666666665,-2.2773333333333383,-1.2130681818181845,off,0.8146503884572697,0.9786666666666667,0.8891580860084797,1.9473333333333365,0.0,0.0,4,4.149147727272734
T0,175,librosa,smooth,0,librosa,0.4906666666666667,48.3,48.8,0.5,0.2547554347826087,within_1_bar,0.7131050767414404,0.9741935483870968,0.823449216087253,1.2546666666666653,0.0,0.25,4,2.5570652173913015
T0,504,librosa,smooth,0,librosa,0.48,24.8,26.730666666666668,1.9306666666666672,1.005555555555556,off,0.9629258517034068,0.9524281466798811,0.9576482311908321,1.4299999999999926,0.0,0.0,6,2.9791666666666514
T0,465,librosa,smooth,0,librosa,0.48,45.8,45.70666666666666,-0.09333333333333371,-0.04861111111111131,exact,0.9744847890088322,0.9315196998123827,0.9525179856115108,1.1213333333333253,0.0,0.16666666666666666,6,2.3361111111110944
T0,115,librosa,smooth,0,librosa,0.512,42.8,34.432,-8.367999999999995,-4.085937499999997,off,0.600263852242744,0.9323770491803278,0.7303370786516854,5.837999999999994,0.0,0.0,4,11.402343749999988
T0,236,librosa,smooth,0,librosa,0.44800000000000006,43.2,44.74666666666667,1.5466666666666669,0.863095238095238,within_1_bar,1.0,0.7153895685769478,0.8340840840840841,1.9779999999999944,0.0,0.0,6,4.415178571428559
T0,517,librosa,smooth,0,librosa,0.5013333333333333,18.1,17.749333333333333,-0.3506666666666689,-0.17486702127659687,exact,0.9306846999154691,0.86015625,0.8940316686967112,1.9319999999999986,0.0,0.3333333333333333,6,3.853723404255317
T0,351,librosa,smooth,0,librosa,0.48,34.3,36.266666666666666,1.9666666666666686,1.0243055555555567,off,1.0,0.9245076586433261,0.9607731665719159,1.3866666666666632,0.0,0.0,4,2.8888888888888817
T0,91,librosa,smooth,0,librosa,0.48,32.4,32.192,-0.2079999999999984,-0.1083333333333325,exact,0.772196261682243,0.8685939553219448,0.8175633889919603,5.100000000000001,0.25,0.5,4,10.625000000000004
T0,30,librosa,smooth,0,librosa,0.4693333333333333,75.2,75.05066666666667,-0.1493333333333311,-0.07954545454545335,exact,0.9987893462469734,0.917686318131257,0.9565217391304348,1.7993333333333368,0.0,0.25,4,3.8338068181818254
T0,8,librosa,smooth,0,librosa,0.5226666666666666,68.9,70.944,2.043999999999997,0.9776785714285701,within_1_bar,0.8846153846153846,0.8881491344873502,0.8863787375415283,4.124666666666663,0.0,0.25,4,7.891581632653055
T0,467,librosa,smooth,0,librosa,0.4693333333333333,60.1,59.72266666666667,-0.37733333333333263,-0.20099431818181782,exact,0.9958246346555324,0.7963272120200334,0.8849721706864565,3.662000000000006,0.0,0.25,4,7.802556818181832
T0,177,librosa,smooth,0,librosa,0.48,23.3,24.512,1.2119999999999997,0.6312499999999999,within_1_bar,0.9690026954177897,0.9548472775564409,0.9618729096989966,1.4373333333333331,0.0,0.0,4,2.994444444444444
T0,171,librosa,smooth,0,librosa,0.48,54.2,51.648,-2.5519999999999996,-1.3291666666666666,off,0.9634551495016611,0.8639523336643495,0.9109947643979057,0.8900000000000006,0.0,0.25,8,1.8541666666666679
T0,36,librosa,smooth,0,librosa,0.4693333333333333,54.6,54.336,-0.2640000000000029,-0.14062500000000155,exact,0.9035971223021583,0.9766718506998445,0.9387144992526159,0.748666666666665,0.0,0.25,4,1.595170454545451
T0,389,librosa,smooth,0,librosa,0.48,15.2,15.04,-0.16000000000000014,-0.08333333333333341,exact,0.9355692850838482,0.9943714821763602,0.9640745793542519,0.3999999999999986,0.0,0.5,4,0.8333333333333304
T0,98,librosa,smooth,0,librosa,0.4693333333333333,71.3,27.978666666666665,-43.32133333333333,-23.075994318181817,off,0.6607734806629835,0.998330550918197,0.7952127659574468,9.464000000000006,0.0,0.16666666666666666,6,20.16477272727274
T0,38,librosa,smooth,0,librosa,0.48,45.7,45.86666666666667,0.1666666666666643,0.08680555555555433,exact,0.8348115299334812,0.9894875164257556,0.9055923030667469,0.7733333333333405,0.0,0.25,4,1.6111111111111263
T0,354,librosa,smooth,0,librosa,0.48,17.8,19.082666666666668,1.2826666666666675,0.6680555555555561,within_1_bar,0.9692307692307692,0.9479166666666666,0.9584552369806905,1.2726666666666677,0.0,0.0,6,2.6513888888888912
T0,180,librosa,smooth,0,librosa,0.48,112.3,37.962666666666664,-74.33733333333333,-38.71736111111111,off,0.32536293766011953,0.6155088852988692,0.42569832402234636,12.943333333333342,0.0,0.125,8,26.965277777777796
T0,168,librosa,smooth,0,librosa,0.4906666666666667,51.1,50.816,-0.2839999999999989,-0.14470108695652117,exact,0.8813559322033898,0.8537313432835821,0.8673237300985596,4.902000000000001,0.0,0.16666666666666666,6,9.990489130434785
T0,46,librosa,smooth,0,librosa,0.4906666666666667,57.1,50.656,-6.444000000000003,-3.283288043478262,off,0.703416149068323,1.0,0.8258887876025525,3.8759999999999977,0.0,0.0,6,7.8994565217391255
T0,480,librosa,smooth,0,librosa,0.48,92.9,91.712,-1.1880000000000024,-0.6187500000000012,within_1_bar,0.9761694616063548,0.9073010664479081,0.9404761904761904,3.343333333333341,0.0,0.16666666666666666,6,6.965277777777794
T0,131,librosa,smooth,0,librosa,0.48,31.7,32.437333333333335,0.7373333333333356,0.38402777777777897,within_1_bar,0.9739819004524887,0.9451152579582875,0.9593314763231197,1.1000000000000032,0.0,0.16666666666666666,6,2.2916666666666736
T0,336,librosa,smooth,0,librosa,0.7146666666666667,53.3,53.898666666666664,0.5986666666666665,0.2094216417910447,exact,0.9430992736077481,0.7300843486410497,0.8230322239830956,3.6439999999999984,0.0,0.0,6,5.098880597014923
T0,522,librosa,smooth,0,librosa,0.48,30.5,32.42666666666667,1.9266666666666694,1.0034722222222237,off,1.0,0.8997188378631678,0.9472126295017267,2.2600000000000016,0.0,0.0,4,4.708333333333337
T0,397,librosa,smooth,0,librosa,0.48,47.8,49.64266666666666,1.8426666666666662,0.959722222222222,within_1_bar,1.0,0.9463894967177243,0.9724564362001125,1.322666666666656,0.0,0.0,4,2.7555555555555333
T0,547,librosa,smooth,0,librosa,0.4693333333333333,91.8,67.424,-24.37599999999999,-12.984374999999995,off,0.6887573964497041,0.97,0.8055363321799307,1.7546666666666653,0.0,0.25,4,3.7386363636363606
T0,491,librosa,smooth,0,librosa,0.48,61.4,61.034666666666666,-0.3653333333333322,-0.19027777777777719,exact,0.9243827160493827,0.9739837398373984,0.9485352335708631,1.3073333333333323,0.0,0.25,4,2.723611111111109
T0,68,librosa,smooth,0,librosa,0.5973333333333334,77.5,75.97866666666667,-1.521333333333331,-0.636718749999999,within_1_bar,0.9155555555555556,1.0,0.9559164733178653,1.2753333333333288,0.25,0.25,4,2.1350446428571352
T0,317,librosa,smooth,0,librosa,0.4693333333333333,33.7,33.376,-0.3240000000000052,-0.17258522727273004,exact,0.9196242171189979,0.9778024417314095,0.9478214093598709,0.305333333333337,0.0,0.6666666666666666,6,0.6505681818181897
T0,297,librosa,smooth,0,librosa,0.48,38.9,37.94133333333333,-0.9586666666666659,-0.49930555555555517,within_1_bar,0.7171597633136094,0.9837662337662337,0.8295687885010267,5.670666666666662,0.0,0.0,4,11.81388888888888
T0,321,librosa,smooth,0,librosa,0.48,15.2,17.066666666666666,1.8666666666666671,0.9722222222222225,within_1_bar,0.9338394793926247,0.9420131291028446,0.9379084967320263,2.2766666666666673,0.0,0.16666666666666666,6,4.743055555555557
T0,255,librosa,smooth,0,librosa,0.4693333333333333,32.1,31.616,-0.48400000000000176,-0.25781250000000094,within_1_bar,0.939799331103679,0.9568671963677639,0.9482564679415074,1.3360000000000127,0.0,0.3333333333333333,6,2.8465909090909363
T0,235,librosa,smooth,0,librosa,0.4693333333333333,45.4,44.714666666666666,-0.6853333333333325,-0.36505681818181773,within_1_bar,0.9931330472103004,0.850735294117647,0.9164356435643565,3.3786666666666747,0.0,0.16666666666666666,6,7.198863636363654
T0,430,librosa,smooth,0,librosa,0.4693333333333333,55.8,56.138666666666666,0.33866666666666845,0.18039772727272824,exact,0.7875507442489851,0.9765100671140939,0.8719101123595504,1.5400000000000063,0.0,0.25,4,3.2812500000000133
T0,288,librosa,smooth,0,librosa,0.48,46.1,45.653333333333336,-0.44666666666666544,-0.23263888888888826,exact,0.8987975951903807,0.975,0.935349322210636,1.3719999999999999,0.0,0.5,4,2.8583333333333334
T0,99,librosa,smooth,0,librosa,0.48,30.5,30.272,-0.22800000000000153,-0.1187500000000008,exact,0.948488241881299,0.9894859813084113,0.9685534591194969,0.2900000000000027,0.0,0.6666666666666666,6,0.6041666666666723
T0,130,librosa,smooth,0,librosa,0.48,61.6,61.38666666666666,-0.21333333333333826,-0.11111111111111369,exact,0.8849557522123894,0.9761388286334056,0.9283135636926251,2.1186666666666625,0.0,0.25,4,4.413888888888881
T0,388,librosa,smooth,0,librosa,0.48,35.2,36.04266666666667,0.8426666666666662,0.43888888888888866,within_1_bar,0.9813242784380306,0.9475409836065574,0.9641367806505422,0.9866666666666717,0.0,0.0,4,2.055555555555566
T0,203,librosa,smooth,0,librosa,0.4693333333333333,18.9,20.224,1.3240000000000016,0.7052556818181827,within_1_bar,1.0,0.7116402116402116,0.8315301391035549,7.427999999999994,0.0,0.0,4,15.826704545454533
T0,261,librosa,smooth,0,librosa,0.4906666666666667,63.5,64.59733333333334,1.0973333333333386,0.5591032608695679,within_1_bar,1.0,0.882988298829883,0.9378585086042065,2.2106666666666825,0.0,0.0,4,4.505434782608727
T0,511,librosa,smooth,0,librosa,0.4693333333333333,45.0,44.91733333333333,-0.08266666666666822,-0.04403409090909174,exact,0.9782608695652174,1.0,0.989010989010989,0.06533333333333502,0.5,0.75,4,0.13920454545454905
T0,258,librosa,smooth,0,librosa,0.4693333333333333,15.0,16.458666666666666,1.458666666666666,0.7769886363636359,within_1_bar,0.9971936389148737,0.8015037593984963,0.8887036265110462,3.0386666666666713,0.0,0.16666666666666666,6,6.474431818181828
T2a,176,librosa,smooth,0,librosa,0.48,60.9,62.90133333333333,2.001333333333335,1.042361111111112,off,0.753004005340454,0.9245901639344263,0.8300220750551877,4.620666666666665,0.0,0.0,4,9.626388888888886
T2a,10,librosa,smooth,0,librosa,0.4906666666666667,47.3,48.608,1.3079999999999998,0.6664402173913042,within_1_bar,1.0,0.9087403598971723,0.9521885521885521,1.8613333333333344,0.0,0.0,4,3.793478260869567
T2a,170,librosa,smooth,0,librosa,0.4693333333333333,45.7,46.496,0.7959999999999994,0.4240056818181815,within_1_bar,0.9488574537540805,0.8288973384030418,0.884830035514967,1.8966666666666754,0.0,0.0,6,4.0411931818182
T2a,219,librosa,smooth,0,librosa,0.4266666666666667,41.2,50.848,9.647999999999996,5.6531249999999975,off,0.6607629427792916,0.708029197080292,0.6835799859055675,8.581333333333333,0.0,0.0,4,20.112499999999997
T2a,418,librosa,smooth,0,librosa,0.48,30.7,32.16,1.4599999999999973,0.7604166666666653,within_1_bar,0.9739583333333334,0.9121951219512195,0.9420654911838792,1.4853333333333367,0.0,0.0,4,3.0944444444444517
T2a,151,librosa,smooth,0,librosa,0.48,63.8,62.944,-0.8559999999999945,-0.44583333333333053,within_1_bar,0.9581151832460733,0.9305084745762712,0.9441100601891659,1.5046666666666653,0.0,0.0,4,3.1347222222222193
T2a,502,librosa,smooth,0,librosa,0.6933333333333334,7.5,16.085333333333335,8.585333333333335,3.0956730769230774,off,0.8948069241011984,0.7458379578246392,0.8135593220338982,4.309333333333342,0.0,0.0,6,6.215384615384628
T2a,241,librosa,smooth,0,librosa,0.4693333333333333,45.2,44.81066666666667,-0.3893333333333331,-0.2073863636363635,exact,0.8064889918887601,0.928,0.8629882207067575,4.396666666666675,0.0,0.25,4,9.367897727272746
T2a,175,librosa,smooth,0,librosa,0.4906666666666667,48.3,48.8,0.5,0.2547554347826087,within_1_bar,0.6313513513513513,0.9419354838709677,0.7559870550161811,2.24133333333333,0.0,0.25,4,4.567934782608688
T2a,504,librosa,smooth,0,librosa,0.48,24.8,26.730666666666668,1.9306666666666672,1.005555555555556,off,0.9900332225913622,0.8860257680872151,0.9351464435146444,1.7646666666666668,0.0,0.0,6,3.6763888888888894
T2a,465,librosa,smooth,0,librosa,0.48,45.8,53.38666666666666,7.586666666666666,3.951388888888889,off,1.0,0.7917448405253283,0.8837696335078533,3.1786666666666648,0.0,0.0,6,6.622222222222218
T2a,115,librosa,smooth,0,librosa,0.512,42.8,40.576,-2.2239999999999966,-1.0859374999999984,off,0.6107634543178974,1.0,0.7583527583527583,5.207999999999995,0.0,0.0,4,10.17187499999999
T2a,236,librosa,smooth,0,librosa,0.44800000000000006,43.2,46.538666666666664,3.3386666666666613,1.8630952380952348,off,1.0,0.7031551835157759,0.8257088846880907,6.3899999999999935,0.0,0.0,8,14.26339285714284
T2a,517,librosa,smooth,0,librosa,0.5013333333333333,18.1,21.749333333333333,3.649333333333331,1.819813829787233,off,0.9304123711340206,0.84609375,0.886252045826514,4.886666666666663,0.0,0.3333333333333333,6,9.747340425531908
T2a,351,librosa,smooth,0,librosa,0.48,34.3,38.18666666666667,3.8866666666666703,2.0243055555555576,off,1.0,0.8818380743982495,0.9372093023255814,2.684666666666665,0.0,0.0,4,5.593055555555552
T2a,91,librosa,smooth,0,librosa,0.48,32.4,43.712,11.312000000000005,5.891666666666669,off,0.7369727047146402,0.7805519053876478,0.7581365666879387,7.190000000000008,0.0,0.0,4,14.979166666666684
T2a,30,librosa,smooth,0,librosa,0.4693333333333333,75.2,76.928,1.7279999999999944,0.9204545454545425,within_1_bar,1.0,0.8987764182424917,0.9466900995899239,1.9053333333333384,0.0,0.0,4,4.0596590909091015
T2a,8,librosa,smooth,0,librosa,0.5226666666666666,68.9,75.136,6.23599999999999,2.9827806122448934,off,0.5564053537284895,0.7749667110519307,0.647746243739566,10.714666666666673,0.0,0.0,8,20.500000000000014
T2a,467,librosa,smooth,0,librosa,0.4693333333333333,60.1,65.35466666666666,5.254666666666658,2.799005681818177,off,1.0,0.8297161936560935,0.906934306569343,3.6113333333333237,0.0,0.0,4,7.694602272727252
T2a,177,librosa,smooth,0,librosa,0.48,23.3,24.512,1.2119999999999997,0.6312499999999999,within_1_bar,0.9690026954177897,0.9548472775564409,0.9618729096989966,1.4373333333333331,0.0,0.0,4,2.994444444444444
T2a,171,librosa,smooth,0,librosa,0.48,54.2,55.498666666666665,1.2986666666666622,0.6763888888888866,within_1_bar,0.998914223669924,0.913604766633565,0.9543568464730291,1.0886666666666613,0.0,0.3333333333333333,6,2.2680555555555446
T2a,36,librosa,smooth,0,librosa,0.4693333333333333,54.6,56.21333333333333,1.6133333333333297,0.8593749999999981,within_1_bar,0.9142011834319527,0.9611197511664075,0.9370735405610311,1.4639999999999986,0.0,0.0,4,3.119318181818179
T2a,389,librosa,smooth,0,librosa,0.48,15.2,24.64,9.440000000000001,4.916666666666668,off,1.0,0.7035647279549718,0.8259911894273126,7.039999999999994,0.0,0.0,4,14.666666666666654
T2a,98,librosa,smooth,0,librosa,0.4693333333333333,71.3,71.15733333333333,-0.1426666666666705,-0.07599431818182022,exact,0.7920529801324503,0.998330550918197,0.8833087149187592,0.3473333333333457,0.0,0.5,4,0.7400568181818445
T2a,38,librosa,smooth,0,librosa,0.48,45.7,47.78666666666667,2.086666666666666,1.0868055555555554,off,0.8303030303030303,0.900131406044678,0.8638083228247162,3.2700000000000067,0.0,0.0,4,6.812500000000014
T2a,354,librosa,smooth,0,librosa,0.48,17.8,28.682666666666666,10.882666666666665,5.668055555555555,off,1.0,0.7986111111111112,0.888030888030888,1.2826666666666675,0.0,0.0,6,2.6722222222222243
T2a,180,librosa,smooth,0,librosa,0.48,112.3,55.25333333333333,-57.04666666666667,-29.711805555555557,off,0.4153969526864475,0.8368336025848142,0.555198285101822,12.054666666666662,0.0,0.0,8,25.11388888888888
T2a,168,librosa,smooth,0,librosa,0.4906666666666667,51.1,50.816,-0.2839999999999989,-0.14470108695652117,exact,0.8849028400597907,0.8835820895522388,0.8842419716206124,3.9266666666666694,0.0,0.25,4,8.002717391304353
T2a,46,librosa,smooth,0,librosa,0.4906666666666667,57.1,54.58133333333333,-2.518666666666668,-1.2832880434782616,off,0.7248,1.0,0.8404452690166976,2.8946666666666623,0.0,0.0,6,5.899456521739121
T2a,480,librosa,smooth,0,librosa,0.48,92.9,93.632,0.7319999999999993,0.38124999999999964,within_1_bar,0.9711895910780669,0.8572600492206727,0.9106753812636165,3.3200000000000074,0.0,0.0,6,6.916666666666682
T2a,131,librosa,smooth,0,librosa,0.48,31.7,32.437333333333335,0.7373333333333356,0.38402777777777897,within_1_bar,0.9739819004524887,0.9451152579582875,0.9593314763231197,1.1000000000000032,0.0,0.16666666666666666,6,2.2916666666666736
T2a,336,librosa,smooth,0,librosa,0.7146666666666667,53.3,53.898666666666664,0.5986666666666665,0.2094216417910447,exact,0.9818840579710145,0.7619493908153702,0.8580474934036939,1.8886666666666656,0.0,0.0,6,2.6427238805970132
T2a,522,librosa,smooth,0,librosa,0.48,30.5,34.346666666666664,3.846666666666664,2.003472222222221,off,0.995880535530381,0.9062792877225867,0.9489695780176645,3.0846666666666636,0.0,0.25,4,6.426388888888883
T2a,397,librosa,smooth,0,librosa,0.48,47.8,49.64266666666666,1.8426666666666662,0.959722222222222,within_1_bar,1.0,0.8413566739606126,0.9138443256090315,2.137333333333334,0.0,0.0,4,4.45277777777778
T2a,547,librosa,smooth,0,librosa,0.4693333333333333,91.8,86.19733333333333,-5.602666666666664,-2.9843749999999987,off,0.7385786802030457,0.97,0.8386167146974064,4.589333333333343,0.0,0.16666666666666666,6,9.778409090909111
T2a,491,librosa,smooth,0,librosa,0.48,61.4,64.864,3.4640000000000057,1.8041666666666698,off,0.8980891719745223,0.9170731707317074,0.9074818986323413,2.5139999999999993,0.0,0.0,4,5.237499999999999
T2a,68,librosa,smooth,0,librosa,0.5973333333333334,77.5,78.368,0.867999999999995,0.3632812499999979,within_1_bar,0.9815436241610739,0.9466019417475728,0.9637561779242174,0.9486666666666608,0.0,0.25,4,1.5881696428571328
T2a,317,librosa,smooth,0,librosa,0.4693333333333333,33.7,35.242666666666665,1.542666666666662,0.821732954545452,within_1_bar,0.9583333333333334,0.9189789123196448,0.9382436260623228,1.8119999999999905,0.0,0.16666666666666666,6,3.8607954545454346
T2a,297,librosa,smooth,0,librosa,0.48,38.9,41.781333333333336,2.8813333333333375,1.5006944444444468,off,0.7158808933002482,0.9366883116883117,0.8115330520393812,6.736000000000001,0.0,0.0,4,14.033333333333335
T2a,321,librosa,smooth,0,librosa,0.48,15.2,22.826666666666668,7.626666666666669,3.972222222222223,off,0.9212283044058746,0.7549234135667396,0.8298256163559832,3.7566666666666606,0.0,0.0,6,7.826388888888877
T2a,255,librosa,smooth,0,librosa,0.4693333333333333,32.1,33.49333333333333,1.3933333333333309,0.7421874999999987,within_1_bar,0.9328263624841572,0.8354143019296254,0.881437125748503,3.736000000000004,0.0,0.0,6,7.960227272727282
T2a,235,librosa,smooth,0,librosa,0.4693333333333333,45.4,44.714666666666666,-0.6853333333333325,-0.36505681818181773,within_1_bar,0.9915356711003628,0.6029411764705882,0.7498856881572931,2.4453333333333376,0.0,0.0,6,5.210227272727282
T2a,430,librosa,smooth,0,librosa,0.4693333333333333,55.8,58.016,2.216000000000001,1.180397727272728,off,0.8645357686453576,0.9530201342281879,0.9066241021548284,1.5040000000000013,0.0,0.0,4,3.2045454545454573
T2a,288,librosa,smooth,0,librosa,0.48,46.1,49.48266666666667,3.3826666666666654,1.761805555555555,off,0.8433367243133265,0.9010869565217391,0.8712559117183395,4.347999999999999,0.0,0.25,4,9.058333333333332
T2a,99,librosa,smooth,0,librosa,0.48,30.5,34.112,3.612000000000002,1.881250000000001,off,0.9814356435643564,0.9264018691588785,0.953125,0.8966666666666612,0.0,0.3333333333333333,6,1.8680555555555443
T2a,130,librosa,smooth,0,librosa,0.48,61.6,63.306666666666665,1.7066666666666634,0.8888888888888873,within_1_bar,0.869942196531792,0.9793926247288504,0.9214285714285714,0.9753333333333316,0.0,0.5,4,2.031944444444441
T2a,388,librosa,smooth,0,librosa,0.48,35.2,37.962666666666664,2.762666666666661,1.438888888888886,off,0.9626485568760611,0.9295081967213115,0.9457881567973312,1.293999999999997,0.0,0.0,4,2.695833333333327
T2a,203,librosa,smooth,0,librosa,0.4693333333333333,18.9,40.87466666666667,21.97466666666667,11.705255681818185,off,1.0,0.5458553791887125,0.706217912150599,13.059999999999999,0.0,0.0,4,27.826704545454543
T2a,261,librosa,smooth,0,librosa,0.4906666666666667,63.5,68.52266666666667,5.022666666666666,2.5591032608695645,off,1.0,0.864986498649865,0.9276061776061776,3.6880000000000095,0.0,0.0,4,7.516304347826106
T2a,511,librosa,smooth,0,librosa,0.4693333333333333,45.0,46.794666666666664,1.7946666666666644,0.955965909090908,within_1_bar,0.978912319644839,0.98,0.9794558578567462,0.9213333333333331,0.5,0.5,4,1.9630681818181814
T2a,258,librosa,smooth,0,librosa,0.4693333333333333,15.0,22.090666666666667,7.090666666666667,3.7769886363636367,off,1.0,0.7052631578947368,0.8271604938271605,5.604000000000001,0.0,0.0,8,11.940340909090912
T2b,176,beat_this,smooth,0,librosa,0.48,60.9,60.96,0.060000000000002274,0.03125000000000119,exact,0.9397217928902627,0.9967213114754099,0.9673826571201273,0.055999999999997385,0.75,0.75,4,0.11666666666666123
T2b,10,beat_this,smooth,0,librosa,0.4906666666666667,47.3,47.36,0.060000000000002274,0.0305706521739142,exact,0.9914040114613181,0.8894601542416453,0.937669376693767,0.34600000000000364,0.5,0.5,4,0.7051630434782682
T2b,170,beat_this,smooth,0,librosa,0.4693333333333333,45.7,45.717333333333336,0.0173333333333332,0.009232954545454475,exact,0.8545101842870999,0.8374524714828897,0.8458953432549209,1.879333333333335,0.3333333333333333,0.3333333333333333,6,4.004261363636368
T2b,219,beat_this,smooth,0,librosa,0.4266666666666667,41.2,41.17333333333333,-0.026666666666670835,-0.015625000000002442,exact,0.7314606741573034,0.9503649635036496,0.8266666666666667,1.6806666666666814,0.25,0.25,4,3.939062500000034
T2b,418,beat_this,smooth,0,librosa,0.48,30.7,30.752,0.0519999999999996,0.027083333333333126,exact,0.9982638888888888,0.9349593495934959,0.9655751469353484,1.000666666666664,0.5,0.5,4,2.084722222222217
T2b,151,beat_this,smooth,0,librosa,0.48,63.8,63.818666666666665,0.018666666666668164,0.009722222222223003,exact,0.9744027303754266,0.9677966101694915,0.9710884353741497,0.7686666666666611,0.5,0.5,4,1.6013888888888772
T2b,502,beat_this,smooth,0,librosa,0.6933333333333334,7.5,11.253333333333334,3.753333333333334,1.3533653846153848,off,0.9579545454545455,0.9356270810210877,0.9466591802358225,0.9699999999999989,0.5,0.5,6,1.39903846153846
T2b,241,beat_this,smooth,0,librosa,0.4693333333333333,45.2,45.25866666666667,0.05866666666666731,0.03125000000000035,exact,0.863030303030303,0.9493333333333334,0.9041269841269841,1.882000000000012,0.25,0.25,4,4.009943181818207
T2b,175,beat_this,smooth,0,librosa,0.4906666666666667,48.3,47.413333333333334,-0.8866666666666632,-0.4517663043478243,within_1_bar,0.7770083102493075,0.9048387096774193,0.8360655737704917,3.659333333333329,0.16666666666666666,0.16666666666666666,6,7.4578804347825995
T2b,504,beat_this,smooth,0,librosa,0.48,24.8,26.72,1.9199999999999982,0.9999999999999991,within_1_bar,0.9988597491448119,0.8681863230921705,0.9289501590668081,1.8979999999999961,0.16666666666666666,0.3333333333333333,6,3.9541666666666586
T2b,465,beat_this,smooth,0,librosa,0.48,45.8,45.77066666666666,-0.029333333333333655,-0.015277777777777946,exact,1.0,0.8114446529080676,0.8959088555152771,0.9619999999999891,0.16666666666666666,0.16666666666666666,6,2.0041666666666442
T2b,115,beat_this,smooth,0,librosa,0.512,42.8,37.6,-5.199999999999996,-2.539062499999998,off,0.6174496644295302,0.9426229508196722,0.7461476074614761,4.359999999999996,0.0,0.0,4,8.515624999999991
T2b,236,beat_this,smooth,0,librosa,0.44800000000000006,43.2,43.21066666666667,0.010666666666665492,0.005952380952380296,exact,1.0,0.721184803605924,0.8380097268986157,4.837999999999994,0.25,0.25,8,10.799107142857128
T2b,517,beat_this,smooth,0,librosa,0.5013333333333333,18.1,20.170666666666666,2.070666666666664,1.0325797872340414,off,0.9646551724137931,0.87421875,0.9172131147540984,2.070666666666666,0.16666666666666666,0.16666666666666666,6,4.130319148936169
T2b,351,beat_this,smooth,0,librosa,0.48,34.3,35.25333333333333,0.9533333333333331,0.4965277777777777,within_1_bar,1.0,0.9059080962800875,0.9506314580941446,1.4453333333333305,0.25,0.25,4,3.0111111111111053
T2b,91,beat_this,smooth,0,librosa,0.48,32.4,32.394666666666666,-0.005333333333332746,-0.002777777777777472,exact,0.852752880921895,0.8751642575558476,0.8638132295719844,4.772666666666666,0.5,0.5,4,9.943055555555555
T2b,30,beat_this,smooth,0,librosa,0.4693333333333333,75.2,75.17866666666667,-0.021333333333330984,-0.011363636363635111,exact,0.9988399071925754,0.9577308120133482,0.9778534923339012,0.05133333333331791,0.5,0.75,4,0.10937499999996714
T2b,8,beat_this,smooth,0,librosa,0.5226666666666666,68.9,70.99733333333333,2.0973333333333244,1.0031887755101998,off,0.7736526946107785,0.8601864181091877,0.8146279949558638,6.283333333333331,0.0,0.0,6,12.021683673469385
T2b,467,beat_this,smooth,0,librosa,0.4693333333333333,60.1,60.032,-0.06800000000000495,-0.03622159090909354,exact,0.997867803837953,0.7813021702838063,0.8764044943820225,0.06533333333333857,0.75,0.75,4,0.13920454545455663
T2b,177,beat_this,smooth,0,librosa,0.48,23.3,23.338666666666665,0.038666666666664185,0.020138888888887596,exact,0.9653846153846154,1.0,0.9823874755381604,0.5166666666666622,0.5,0.5,4,1.0763888888888795
T2b,171,beat_this,smooth,0,librosa,0.48,54.2,55.178666666666665,0.9786666666666619,0.5097222222222197,within_1_bar,0.9795291709314228,0.9503475670307845,0.9647177419354839,1.4459999999999944,0.3333333333333333,0.3333333333333333,6,3.0124999999999886
T2b,36,beat_this,smooth,0,librosa,0.4693333333333333,54.6,54.61333333333334,0.013333333333335418,0.007102272727273837,exact,0.9101123595505618,0.8818040435458787,0.895734597156398,3.7720000000000056,0.16666666666666666,0.16666666666666666,6,8.03693181818183
T2b,389,beat_this,smooth,0,librosa,0.48,15.2,17.152,1.9520000000000017,1.0166666666666677,off,0.9989701338825953,0.9099437148217636,0.9523809523809524,1.9219999999999988,0.25,0.25,4,4.004166666666665
T2b,98,beat_this,smooth,0,librosa,0.4693333333333333,71.3,26.272,-45.028,-23.985085227272727,off,0.6322089227421109,0.9699499165275459,0.7654808959156786,9.384000000000007,0.16666666666666666,0.16666666666666666,6,19.994318181818198
T2b,38,beat_this,smooth,0,librosa,0.48,45.7,46.656,0.955999999999996,0.49791666666666456,within_1_bar,0.9507133592736705,0.9632063074901446,0.9569190600522193,1.3979999999999997,0.25,0.25,4,2.9124999999999996
T2b,354,beat_this,smooth,0,librosa,0.48,17.8,23.594666666666665,5.794666666666664,3.0180555555555544,off,0.9986648865153538,0.8657407407407407,0.9274643521388717,1.9100000000000001,0.3333333333333333,0.3333333333333333,6,3.979166666666667
T2b,180,beat_this,smooth,0,librosa,0.48,112.3,36.81066666666667,-75.48933333333332,-39.317361111111104,off,0.4201223657375935,0.9983844911147012,0.5913875598086125,17.482666666666674,0.25,0.25,8,36.42222222222224
T2b,168,beat_this,smooth,0,librosa,0.4906666666666667,51.1,51.157333333333334,0.05733333333333235,0.029211956521738625,exact,0.9002695417789758,0.9970149253731343,0.9461756373937676,0.05799999999999983,0.75,0.75,4,0.11820652173913009
T2b,46,beat_this,smooth,0,librosa,0.4906666666666667,57.1,53.216,-3.8840000000000003,-1.9789402173913044,off,0.6691285081240768,1.0,0.8017699115044248,4.889333333333333,0.16666666666666666,0.16666666666666666,6,9.964673913043477
T2b,480,beat_this,smooth,0,librosa,0.48,92.9,92.91733333333333,0.017333333333326095,0.009027777777774009,exact,0.8346273291925466,0.881870385561936,0.8575987235739928,14.50666666666666,0.2,0.2,10,30.22222222222221
T2b,131,beat_this,smooth,0,librosa,0.48,31.7,31.712,0.012000000000000455,0.006250000000000237,exact,0.8439716312056738,0.9143798024149287,0.8777660695468916,1.9126666666666665,0.3333333333333333,0.3333333333333333,6,3.984722222222222
T2b,336,beat_this,smooth,0,librosa,0.7146666666666667,53.3,53.35466666666667,0.05466666666666953,0.01912313432835921,exact,1.0,0.8116213683223993,0.8960165545783756,2.414666666666662,0.16666666666666666,0.16666666666666666,6,3.3787313432835755
T2b,522,beat_this,smooth,0,librosa,0.48,30.5,32.394666666666666,1.8946666666666658,0.9868055555555552,within_1_bar,1.0,0.8837863167760075,0.9383084577114429,3.3373333333333335,0.25,0.25,4,6.952777777777778
T2b,397,beat_this,smooth,0,librosa,0.48,47.8,47.818666666666665,0.018666666666668164,0.009722222222223003,exact,0.9768009768009768,0.87527352297593,0.9232544720138488,1.9180000000000135,0.25,0.25,4,3.9958333333333615
T2b,547,beat_this,smooth,0,librosa,0.4693333333333333,91.8,86.21866666666666,-5.581333333333333,-2.9730113636363638,off,0.6606129398410897,0.97,0.7859554355165429,4.632000000000005,0.16666666666666666,0.16666666666666666,6,9.869318181818192
T2b,491,beat_this,smooth,0,librosa,0.48,61.4,61.472,0.07200000000000273,0.03750000000000142,exact,0.9531502423263328,0.959349593495935,0.9562398703403566,1.2006666666666632,0.0,0.25,4,2.501388888888882
T2b,68,beat_this,smooth,0,librosa,0.5973333333333334,77.5,52.330666666666666,-25.169333333333334,-10.534040178571429,off,0.6776018099547512,0.9692556634304207,0.7976031957390146,9.32599999999999,0.25,0.25,8,15.612723214285696
T2b,317,beat_this,smooth,0,librosa,0.4693333333333333,33.7,33.76,0.05999999999999517,0.0319602272727247,exact,0.9790940766550522,0.9356270810210877,0.9568671963677639,0.9320000000000022,0.5,0.5,6,1.9857954545454592
T2b,297,beat_this,smooth,0,librosa,0.48,38.9,40.78933333333333,1.889333333333333,0.9840277777777777,within_1_bar,0.7525325615050651,0.8441558441558441,0.7957153787299158,7.695333333333338,0.0,0.0,4,16.031944444444456
T2b,321,beat_this,smooth,0,librosa,0.48,15.2,17.152,1.9520000000000017,1.0166666666666677,off,0.9173819742489271,0.9354485776805251,0.9263271939328277,1.9226666666666592,0.16666666666666666,0.3333333333333333,6,4.00555555555554
T2b,255,beat_this,smooth,0,librosa,0.4693333333333333,32.1,32.117333333333335,0.0173333333333332,0.009232954545454475,exact,0.9862857142857143,0.9795686719636776,0.9829157175398634,0.048000000000008924,0.6666666666666666,0.6666666666666666,6,0.10227272727274629
T2b,235,beat_this,smooth,0,librosa,0.4693333333333333,45.4,43.498666666666665,-1.9013333333333335,-1.012784090909091,off,0.9647495361781077,0.7647058823529411,0.8531583264971289,3.778000000000006,0.125,0.125,8,8.04971590909092
T2b,430,beat_this,smooth,0,librosa,0.4693333333333333,55.8,55.84,0.04000000000000625,0.021306818181821514,exact,0.9398373983739837,0.9697986577181208,0.9545829892650701,0.9426666666666605,0.5,0.5,4,2.008522727272714
T2b,288,beat_this,smooth,0,librosa,0.48,46.1,46.090666666666664,-0.009333333333337634,-0.004861111111113352,exact,0.8696911196911197,0.9793478260869565,0.9212678936605317,0.9346666666666721,0.5,0.5,4,1.9472222222222335
T2b,99,beat_this,smooth,0,librosa,0.48,30.5,30.496,-0.004000000000001336,-0.0020833333333340294,exact,0.998780487804878,0.9567757009345794,0.9773269689737469,0.04599999999999227,0.5,0.6666666666666666,6,0.09583333333331723
T2b,130,beat_this,smooth,0,librosa,0.48,61.6,61.61066666666667,0.010666666666665492,0.005555555555554944,exact,0.8698167791706847,0.9783080260303688,0.920877998979071,1.000000000000007,0.25,0.5,4,2.083333333333348
T2b,388,beat_this,smooth,0,librosa,0.48,35.2,37.152,1.9519999999999982,1.0166666666666657,off,0.9810671256454389,0.9344262295081968,0.9571788413098238,1.5286666666666662,0.25,0.25,4,3.1847222222222213
T2b,203,beat_this,smooth,0,librosa,0.4693333333333333,18.9,99.21066666666667,80.31066666666666,42.77911931818182,off,1.0,0.35008818342151676,0.5186152841280209,14.149333333333331,0.0,0.0,2,30.14772727272727
T2b,261,beat_this,smooth,0,librosa,0.4906666666666667,63.5,63.52,0.020000000000003126,0.01019021739130594,exact,1.0,0.7776777677767777,0.8749367088607595,2.9680000000000035,0.25,0.25,4,6.048913043478268
T2b,511,beat_this,smooth,0,librosa,0.4693333333333333,45.0,45.056,0.055999999999997385,0.02982954545454406,exact,1.0,0.9577777777777777,0.9784335981838819,0.9426666666666534,0.5,0.5,4,2.008522727272699
T2b,258,beat_this,smooth,0,librosa,0.4693333333333333,15.0,20.64,5.640000000000001,3.004261363636364,off,1.0,0.8466165413533835,0.9169381107491856,2.8186666666666724,0.16666666666666666,0.16666666666666666,6,6.005681818181831
T3a,176,librosa,viterbi,0,librosa,0.48,60.9,62.90133333333333,2.001333333333335,1.042361111111112,off,0.734375,0.9245901639344263,0.8185776487663281,4.620666666666665,0.0,0.0,4,9.626388888888886
T3a,10,librosa,viterbi,0,librosa,0.4906666666666667,47.3,48.608,1.3079999999999998,0.6664402173913042,within_1_bar,0.9918032786885246,0.9331619537275064,0.9615894039735099,1.5620000000000012,0.0,0.0,4,3.1834239130434803
T3a,170,librosa,viterbi,0,librosa,0.4693333333333333,45.7,46.496,0.7959999999999994,0.4240056818181815,within_1_bar,0.9392324093816631,0.8374524714828897,0.8854271356783919,1.900666666666666,0.0,0.0,6,4.049715909090908
T3a,219,librosa,viterbi,0,librosa,0.4266666666666667,41.2,50.848,9.647999999999996,5.6531249999999975,off,0.6527196652719666,0.6832116788321168,0.6676176890156917,9.434666666666672,0.0,0.0,4,22.11250000000001
T3a,418,librosa,viterbi,0,librosa,0.48,30.7,32.16,1.4599999999999973,0.7604166666666653,within_1_bar,0.9680672268907563,0.9365853658536586,0.9520661157024793,1.4700000000000006,0.0,0.25,4,3.0625000000000013
T3a,151,librosa,viterbi,0,librosa,0.48,63.8,62.944,-0.8559999999999945,-0.44583333333333053,within_1_bar,0.9527027027027027,0.9559322033898305,0.9543147208121828,1.1859999999999928,0.0,0.25,4,2.4708333333333186
T3a,502,librosa,viterbi,0,librosa,0.6933333333333334,7.5,13.312,5.811999999999999,2.0956730769230765,off,0.9393939393939394,0.7225305216426193,0.8168130489335007,4.358666666666658,0.0,0.0,4,6.286538461538449
T3a,241,librosa,viterbi,0,librosa,0.4693333333333333,45.2,44.81066666666667,-0.3893333333333331,-0.2073863636363635,exact,0.8064889918887601,0.928,0.8629882207067575,4.396666666666675,0.0,0.25,4,9.367897727272746
T3a,175,librosa,viterbi,0,librosa,0.4906666666666667,48.3,48.8,0.5,0.2547554347826087,within_1_bar,0.6391534391534391,0.9741935483870968,0.771884984025559,1.2546666666666653,0.0,0.25,4,2.5570652173913015
T3a,504,librosa,viterbi,0,librosa,0.48,24.8,26.730666666666668,1.9306666666666672,1.005555555555556,off,0.9898190045248869,0.867195242814668,0.92445853143159,1.7646666666666668,0.0,0.0,6,3.6763888888888894
T3a,465,librosa,viterbi,0,librosa,0.48,45.8,55.306666666666665,9.506666666666668,4.951388888888889,off,0.9834815756035579,0.726078799249531,0.8354020507285485,2.218666666666664,0.0,0.0,4,4.6222222222222165
T3a,115,librosa,viterbi,0,librosa,0.512,42.8,38.528,-4.2719999999999985,-2.085937499999999,off,0.5951219512195122,1.0,0.7461773700305809,6.231999999999996,0.0,0.0,4,12.171874999999991
T3a,236,librosa,viterbi,0,librosa,0.44800000000000006,43.2,46.538666666666664,3.3386666666666613,1.8630952380952348,off,1.0,0.7147456535737282,0.8336462636124671,5.6073333333333295,0.0,0.0,8,12.516369047619037
T3a,517,librosa,viterbi,0,librosa,0.5013333333333333,18.1,21.749333333333333,3.649333333333331,1.819813829787233,off,0.9466783216783217,0.84609375,0.8935643564356435,4.756666666666668,0.0,0.3333333333333333,6,9.48803191489362
T3a,351,librosa,viterbi,0,librosa,0.48,34.3,38.18666666666667,3.8866666666666703,2.0243055555555576,off,1.0,0.8818380743982495,0.9372093023255814,2.684666666666665,0.0,0.0,4,5.593055555555552
T3a,91,librosa,viterbi,0,librosa,0.48,32.4,43.712,11.312000000000005,5.891666666666669,off,0.7467144563918757,0.8212877792378449,0.7822277847309137,6.812000000000008,0.25,0.25,4,14.191666666666684
T3a,30,librosa,viterbi,0,librosa,0.4693333333333333,75.2,78.80533333333334,3.605333333333334,1.9204545454545459,off,1.0,0.8776418242491657,0.9348341232227488,2.788000000000004,0.0,0.0,4,5.940340909090917
T3a,8,librosa,viterbi,0,librosa,0.5226666666666666,68.9,75.136,6.23599999999999,2.9827806122448934,off,0.5354185832566697,0.7749667110519307,0.6332970620239391,13.589333333333329,0.16666666666666666,0.16666666666666666,6,25.999999999999993
T3a,467,librosa,viterbi,0,librosa,0.4693333333333333,60.1,65.35466666666666,5.254666666666658,2.799005681818177,off,1.0,0.845575959933222,0.9163274536408864,3.428000000000001,0.0,0.25,4,7.303977272727274
T3a,177,librosa,viterbi,0,librosa,0.48,23.3,24.512,1.2119999999999997,0.6312499999999999,within_1_bar,0.9697766097240473,0.9800796812749004,0.9749009247027741,0.8999999999999968,0.0,0.25,4,1.8749999999999933
T3a,171,librosa,viterbi,0,librosa,0.48,54.2,55.498666666666665,1.2986666666666622,0.6763888888888866,within_1_bar,0.9882978723404255,0.9225422045680238,0.9542886492039035,1.1700000000000017,0.0,0.3333333333333333,6,2.4375000000000036
T3a,36,librosa,viterbi,0,librosa,0.4693333333333333,54.6,54.336,-0.2640000000000029,-0.14062500000000155,exact,0.9122302158273381,0.9860031104199067,0.9476831091180867,1.1246666666666627,0.0,0.25,4,2.39630681818181
T3a,389,librosa,viterbi,0,librosa,0.48,15.2,22.72,7.52,3.9166666666666665,off,1.0,0.7213883677298312,0.8381471389645777,6.079999999999993,0.0,0.0,4,12.666666666666652
T3a,98,librosa,viterbi,0,librosa,0.4693333333333333,71.3,71.15733333333333,-0.1426666666666705,-0.07599431818182022,exact,0.7920529801324503,0.998330550918197,0.8833087149187592,0.3473333333333457,0.0,0.5,4,0.7400568181818445
T3a,38,librosa,viterbi,0,librosa,0.48,45.7,47.78666666666667,2.086666666666666,1.0868055555555554,off,0.8303030303030303,0.900131406044678,0.8638083228247162,3.2700000000000067,0.0,0.0,4,6.812500000000014
T3a,354,librosa,viterbi,0,librosa,0.48,17.8,30.602666666666668,12.802666666666667,6.668055555555556,off,0.9898697539797395,0.7916666666666666,0.879742765273312,0.980000000000004,0.0,0.0,6,2.041666666666675
T3a,180,librosa,viterbi,0,librosa,0.48,112.3,55.25333333333333,-57.04666666666667,-29.711805555555557,off,0.4246250986582478,0.8691437802907916,0.5705196182396607,12.054666666666662,0.0,0.0,8,25.11388888888888
T3a,168,librosa,viterbi,0,librosa,0.4906666666666667,51.1,50.816,-0.2839999999999989,-0.14470108695652117,exact,0.8849028400597907,0.8835820895522388,0.8842419716206124,3.9266666666666694,0.0,0.25,4,8.002717391304353
T3a,46,librosa,viterbi,0,librosa,0.4906666666666667,57.1,52.61866666666667,-4.481333333333332,-2.28328804347826,off,0.8281535648994516,1.0,0.906,2.0286666666666733,0.0,0.0,4,4.134510869565231
T3a,480,librosa,viterbi,0,librosa,0.48,92.9,93.632,0.7319999999999993,0.38124999999999964,within_1_bar,0.971689497716895,0.8728465955701394,0.9196197061365601,2.3653333333333393,0.0,0.0,6,4.9277777777777905
T3a,131,librosa,viterbi,0,librosa,0.48,31.7,32.437333333333335,0.7373333333333356,0.38402777777777897,within_1_bar,0.9739819004524887,0.9451152579582875,0.9593314763231197,1.1000000000000032,0.0,0.16666666666666666,6,2.2916666666666736
T3a,336,librosa,viterbi,0,librosa,0.7146666666666667,53.3,53.898666666666664,0.5986666666666665,0.2094216417910447,exact,0.9754672897196262,0.7825679475164011,0.8684347373894955,1.4099999999999966,0.0,0.0,6,1.9729477611940252
T3a,522,librosa,viterbi,0,librosa,0.48,30.5,34.346666666666664,3.846666666666664,2.003472222222221,off,0.995880535530381,0.9062792877225867,0.9489695780176645,3.0846666666666636,0.0,0.25,4,6.426388888888883
T3a,397,librosa,viterbi,0,librosa,0.48,47.8,49.64266666666666,1.8426666666666662,0.959722222222222,within_1_bar,1.0,0.8413566739606126,0.9138443256090315,2.6900000000000013,0.0,0.0,4,5.60416666666667
T3a,547,librosa,viterbi,0,librosa,0.4693333333333333,91.8,88.07466666666667,-3.7253333333333245,-1.9843749999999953,off,0.8609467455621301,0.97,0.9122257053291536,2.8346666666666778,0.0,0.0,4,6.039772727272751
T3a,491,librosa,viterbi,0,librosa,0.48,61.4,62.95466666666667,1.5546666666666695,0.8097222222222238,within_1_bar,0.9010819165378671,0.9479674796747968,0.9239302694136292,1.5593333333333312,0.0,0.0,4,3.248611111111107
T3a,68,librosa,viterbi,0,librosa,0.5973333333333334,77.5,78.368,0.867999999999995,0.3632812499999979,within_1_bar,0.9815436241610739,0.9466019417475728,0.9637561779242174,0.9486666666666608,0.0,0.25,4,1.5881696428571328
T3a,317,librosa,viterbi,0,librosa,0.4693333333333333,33.7,35.242666666666665,1.542666666666662,0.821732954545452,within_1_bar,0.9583333333333334,0.9189789123196448,0.9382436260623228,1.8119999999999905,0.0,0.16666666666666666,6,3.8607954545454346
T3a,297,librosa,viterbi,0,librosa,0.48,38.9,41.781333333333336,2.8813333333333375,1.5006944444444468,off,0.7158808933002482,0.9366883116883117,0.8115330520393812,6.736000000000001,0.0,0.0,4,14.033333333333335
T3a,321,librosa,viterbi,0,librosa,0.48,15.2,93.86666666666666,78.66666666666666,40.97222222222222,off,0.9039087947882736,0.6072210065645515,0.7264397905759162,2.6866666666666603,0.0,0.0,4,5.597222222222209
T3a,255,librosa,viterbi,0,librosa,0.4693333333333333,32.1,33.49333333333333,1.3933333333333309,0.7421874999999987,within_1_bar,0.9328263624841572,0.8354143019296254,0.881437125748503,3.3726666666666674,0.0,0.0,6,7.186079545454547
T3a,235,librosa,viterbi,0,librosa,0.4693333333333333,45.4,44.714666666666666,-0.6853333333333325,-0.36505681818181773,within_1_bar,0.9903264812575574,0.6022058823529411,0.7489711934156379,2.4453333333333376,0.0,0.16666666666666666,6,5.210227272727282
T3a,430,librosa,viterbi,0,librosa,0.4693333333333333,55.8,58.016,2.216000000000001,1.180397727272728,off,0.8402366863905325,0.9530201342281879,0.8930817610062892,1.5040000000000013,0.0,0.0,4,3.2045454545454573
T3a,288,librosa,viterbi,0,librosa,0.48,46.1,47.57333333333333,1.4733333333333292,0.7673611111111089,within_1_bar,0.846307385229541,0.9217391304347826,0.882414151925078,3.393333333333331,0.0,0.25,4,7.069444444444439
T3a,99,librosa,viterbi,0,librosa,0.48,30.5,34.112,3.612000000000002,1.881250000000001,off,0.9814356435643564,0.9264018691588785,0.953125,0.8966666666666612,0.0,0.3333333333333333,6,1.8680555555555443
T3a,130,librosa,viterbi,0,librosa,0.48,61.6,61.38666666666666,-0.21333333333333826,-0.11111111111111369,exact,0.8703878902554399,0.9978308026030369,0.9297625063163213,0.22866666666666902,0.0,0.75,4,0.4763888888888938
T3a,388,librosa,viterbi,0,librosa,0.48,35.2,37.962666666666664,2.762666666666661,1.438888888888886,off,0.9626485568760611,0.9295081967213115,0.9457881567973312,1.293999999999997,0.0,0.0,4,2.695833333333327
T3a,203,librosa,viterbi,0,librosa,0.4693333333333333,18.9,102.82666666666667,83.92666666666668,44.70525568181819,off,1.0,0.4964726631393298,0.6635238656452563,5.839999999999996,0.0,0.0,2,12.443181818181811
T3a,261,librosa,viterbi,0,librosa,0.4906666666666667,63.5,68.52266666666667,5.022666666666666,2.5591032608695645,off,1.0,0.8658865886588659,0.9281234925229137,4.526666666666678,0.0,0.25,4,9.225543478260892
T3a,511,librosa,viterbi,0,librosa,0.4693333333333333,45.0,46.794666666666664,1.7946666666666644,0.955965909090908,within_1_bar,0.978912319644839,0.98,0.9794558578567462,0.9213333333333331,0.5,0.5,4,1.9630681818181814
T3a,258,librosa,viterbi,0,librosa,0.4693333333333333,15.0,20.202666666666666,5.202666666666666,2.771306818181818,off,1.0,0.762406015037594,0.8651877133105802,3.971999999999994,0.0,0.0,6,8.46306818181817
T3b,176,beat_this,viterbi,0,librosa,0.48,60.9,60.96,0.060000000000002274,0.03125000000000119,exact,0.9397217928902627,0.9967213114754099,0.9673826571201273,0.055999999999997385,0.75,0.75,4,0.11666666666666123
T3b,10,beat_this,viterbi,0,librosa,0.4906666666666667,47.3,47.36,0.060000000000002274,0.0305706521739142,exact,1.0,0.8894601542416453,0.9414965986394558,0.03666666666667595,0.75,0.75,4,0.07472826086958413
T3b,170,beat_this,viterbi,0,librosa,0.4693333333333333,45.7,45.717333333333336,0.0173333333333332,0.009232954545454475,exact,0.839047619047619,0.8374524714828897,0.8382492863939105,1.879333333333335,0.3333333333333333,0.3333333333333333,6,4.004261363636368
T3b,219,beat_this,viterbi,0,librosa,0.4266666666666667,41.2,41.17333333333333,-0.026666666666670835,-0.015625000000002442,exact,0.7364939360529217,0.9751824817518249,0.8391959798994976,0.8540000000000134,0.5,0.5,4,2.0015625000000314
T3b,418,beat_this,viterbi,0,librosa,0.48,30.7,30.752,0.0519999999999996,0.027083333333333126,exact,1.0,0.9040650406504065,0.9496157130657558,1.909333333333329,0.25,0.25,4,3.977777777777769
T3b,151,beat_this,viterbi,0,librosa,0.48,63.8,63.818666666666665,0.018666666666668164,0.009722222222223003,exact,0.9744027303754266,0.9677966101694915,0.9710884353741497,0.7686666666666611,0.5,0.5,4,1.6013888888888772
T3b,502,beat_this,viterbi,0,librosa,0.6933333333333334,7.5,11.253333333333334,3.753333333333334,1.3533653846153848,off,0.9377085650723026,0.9356270810210877,0.9366666666666668,1.878666666666664,0.3333333333333333,0.3333333333333333,6,2.7096153846153808
T3b,241,beat_this,viterbi,0,librosa,0.4693333333333333,45.2,45.25866666666667,0.05866666666666731,0.03125000000000035,exact,0.8659549228944247,0.9733333333333334,0.9165097300690522,0.9873333333333463,0.5,0.5,4,2.1036931818182096
T3b,175,beat_this,viterbi,0,librosa,0.4906666666666667,48.3,47.413333333333334,-0.8866666666666632,-0.4517663043478243,within_1_bar,0.7770083102493075,0.9048387096774193,0.8360655737704917,3.659333333333329,0.16666666666666666,0.16666666666666666,6,7.4578804347825995
T3b,504,beat_this,viterbi,0,librosa,0.48,24.8,26.72,1.9199999999999982,0.9999999999999991,within_1_bar,0.9988839285714286,0.8870168483647175,0.9396325459317585,0.977999999999998,0.3333333333333333,0.5,6,2.037499999999996
T3b,465,beat_this,viterbi,0,librosa,0.48,45.8,45.77066666666666,-0.029333333333333655,-0.015277777777777946,exact,0.9898190045248869,0.8208255159474672,0.8974358974358976,0.9420000000000073,0.16666666666666666,0.16666666666666666,6,1.9625000000000152
T3b,115,beat_this,viterbi,0,librosa,0.512,42.8,37.6,-5.199999999999996,-2.539062499999998,off,0.6174496644295302,0.9426229508196722,0.7461476074614761,4.359999999999996,0.0,0.0,4,8.515624999999991
T3b,236,beat_this,viterbi,0,librosa,0.44800000000000006,43.2,43.21066666666667,0.010666666666665492,0.005952380952380296,exact,1.0,0.6812620734063104,0.8104174645729606,1.325333333333333,0.3333333333333333,0.3333333333333333,6,2.958333333333332
T3b,517,beat_this,viterbi,0,librosa,0.5013333333333333,18.1,20.170666666666666,2.070666666666664,1.0325797872340414,off,0.9646551724137931,0.87421875,0.9172131147540984,2.070666666666666,0.16666666666666666,0.16666666666666666,6,4.130319148936169
T3b,351,beat_this,viterbi,0,librosa,0.48,34.3,35.25333333333333,0.9533333333333331,0.4965277777777777,within_1_bar,1.0,0.9059080962800875,0.9506314580941446,1.4453333333333305,0.25,0.25,4,3.0111111111111053
T3b,91,beat_this,viterbi,0,librosa,0.48,32.4,32.394666666666666,-0.005333333333332746,-0.002777777777777472,exact,0.852752880921895,0.8751642575558476,0.8638132295719844,4.772666666666666,0.5,0.5,4,9.943055555555555
T3b,30,beat_this,viterbi,0,librosa,0.4693333333333333,75.2,75.17866666666667,-0.021333333333330984,-0.011363636363635111,exact,0.9988399071925754,0.9577308120133482,0.9778534923339012,0.05133333333331791,0.5,0.75,4,0.10937499999996714
T3b,8,beat_this,viterbi,0,librosa,0.5226666666666666,68.9,73.07733333333333,4.177333333333323,1.9980867346938727,off,0.9111424541607899,0.8601864181091877,0.8849315068493151,4.161999999999992,0.0,0.0,4,7.963010204081618
T3b,467,beat_this,viterbi,0,librosa,0.4693333333333333,60.1,60.032,-0.06800000000000495,-0.03622159090909354,exact,0.997867803837953,0.7813021702838063,0.8764044943820225,0.06533333333333857,0.75,0.75,4,0.13920454545455663
T3b,177,beat_this,viterbi,0,librosa,0.48,23.3,23.338666666666665,0.038666666666664185,0.020138888888887596,exact,0.9766536964980544,1.0,0.9881889763779527,0.047333333333330785,0.75,0.75,4,0.0986111111111058
T3b,171,beat_this,viterbi,0,librosa,0.48,54.2,55.178666666666665,0.9786666666666619,0.5097222222222197,within_1_bar,0.9795291709314228,0.9503475670307845,0.9647177419354839,1.4459999999999944,0.3333333333333333,0.3333333333333333,6,3.0124999999999886
T3b,36,beat_this,viterbi,0,librosa,0.4693333333333333,54.6,54.61333333333334,0.013333333333335418,0.007102272727273837,exact,0.9152798789712556,0.9409020217729394,0.9279141104294478,1.8900000000000006,0.25,0.25,4,4.026988636363638
T3b,389,beat_this,viterbi,0,librosa,0.48,15.2,17.152,1.9520000000000017,1.0166666666666677,off,0.998989898989899,0.9277673545966229,0.9620622568093384,1.0026666666666717,0.5,0.5,4,2.0888888888888997
T3b,98,beat_this,viterbi,0,librosa,0.4693333333333333,71.3,26.272,-45.028,-23.985085227272727,off,0.6322089227421109,0.9699499165275459,0.7654808959156786,9.384000000000007,0.16666666666666666,0.16666666666666666,6,19.994318181818198
T3b,38,beat_this,viterbi,0,librosa,0.48,45.7,46.656,0.955999999999996,0.49791666666666456,within_1_bar,0.9507133592736705,0.9632063074901446,0.9569190600522193,1.3979999999999997,0.25,0.25,4,2.9124999999999996
T3b,354,beat_this,viterbi,0,librosa,0.48,17.8,23.594666666666665,5.794666666666664,3.0180555555555544,off,0.9986648865153538,0.8657407407407407,0.9274643521388717,1.9100000000000001,0.3333333333333333,0.3333333333333333,6,3.979166666666667
T3b,180,beat_this,viterbi,0,librosa,0.48,112.3,36.81066666666667,-75.48933333333332,-39.317361111111104,off,0.39413265306122447,0.9983844911147012,0.5651577503429355,14.5,0.3333333333333333,0.3333333333333333,6,30.208333333333336
T3b,168,beat_this,viterbi,0,librosa,0.4906666666666667,51.1,51.157333333333334,0.05733333333333235,0.029211956521738625,exact,0.9002695417789758,0.9970149253731343,0.9461756373937676,0.05799999999999983,0.75,0.75,4,0.11820652173913009
T3b,46,beat_this,viterbi,0,librosa,0.4906666666666667,57.1,51.232,-5.868000000000002,-2.9898097826086967,off,0.6499282639885222,1.0,0.7878260869565217,5.881333333333334,0.16666666666666666,0.16666666666666666,6,11.986413043478262
T3b,480,beat_this,viterbi,0,librosa,0.48,92.9,92.91733333333333,0.017333333333326095,0.009027777777774009,exact,0.8028552005438477,0.9688269073010665,0.8780669144981413,1.9100000000000037,0.5,0.5,4,3.9791666666666745
T3b,131,beat_this,viterbi,0,librosa,0.48,31.7,31.712,0.012000000000000455,0.006250000000000237,exact,0.8497560975609756,0.9560922063666301,0.8997933884297521,0.9886666666666741,0.5,0.5,6,2.0597222222222378
T3b,336,beat_this,viterbi,0,librosa,0.7146666666666667,53.3,53.35466666666667,0.05466666666666953,0.01912313432835921,exact,1.0,0.8294283036551078,0.9067622950819673,2.3999999999999986,0.3333333333333333,0.3333333333333333,6,3.3582089552238785
T3b,522,beat_this,viterbi,0,librosa,0.48,30.5,30.496,-0.004000000000001336,-0.0020833333333340294,exact,1.0,0.901593252108716,0.9482503696402168,2.409333333333329,0.5,0.5,4,5.019444444444436
T3b,397,beat_this,viterbi,0,librosa,0.48,47.8,47.818666666666665,0.018666666666668164,0.009722222222223003,exact,0.97625,0.8544857768052516,0.911318553092182,1.9180000000000135,0.25,0.25,4,3.9958333333333615
T3b,547,beat_this,viterbi,0,librosa,0.4693333333333333,91.8,84.33066666666667,-7.469333333333324,-3.978693181818177,off,0.6081504702194357,0.97,0.747591522157996,5.5760000000000005,0.0,0.0,6,11.88068181818182
T3b,491,beat_this,viterbi,0,librosa,0.48,61.4,61.472,0.07200000000000273,0.03750000000000142,exact,0.9529780564263323,0.9886178861788618,0.9704708699122107,0.33133333333333326,0.0,0.5,4,0.6902777777777777
T3b,68,beat_this,viterbi,0,librosa,0.5973333333333334,77.5,52.330666666666666,-25.169333333333334,-10.534040178571429,off,0.6717391304347826,1.0,0.8036410923276983,7.277999999999995,0.375,0.375,8,12.184151785714276
T3b,317,beat_this,viterbi,0,librosa,0.4693333333333333,33.7,33.76,0.05999999999999517,0.0319602272727247,exact,0.9784090909090909,0.9556048834628191,0.9668725435148793,0.06666666666667709,0.5,0.6666666666666666,6,0.14204545454547676
T3b,297,beat_this,viterbi,0,librosa,0.48,38.9,40.78933333333333,1.889333333333333,0.9840277777777777,within_1_bar,0.7591549295774648,0.875,0.8129713423831071,6.735333333333344,0.0,0.0,4,14.031944444444466
T3b,321,beat_this,viterbi,0,librosa,0.48,15.2,17.152,1.9520000000000017,1.0166666666666677,off,0.9185423365487674,0.937636761487965,0.9279913373037357,1.8613333333333344,0.3333333333333333,0.3333333333333333,6,3.87777777777778
T3b,255,beat_this,viterbi,0,librosa,0.4693333333333333,32.1,32.117333333333335,0.0173333333333332,0.009232954545454475,exact,0.9988425925925926,0.9795686719636776,0.9891117478510028,0.028666666666680385,0.8333333333333334,0.8333333333333334,6,0.06107954545457468
T3b,235,beat_this,viterbi,0,librosa,0.4693333333333333,45.4,43.498666666666665,-1.9013333333333335,-1.012784090909091,off,0.9488584474885845,0.7639705882352941,0.8464358452138492,1.904,0.16666666666666666,0.16666666666666666,6,4.056818181818182
T3b,430,beat_this,viterbi,0,librosa,0.4693333333333333,55.8,55.84,0.04000000000000625,0.021306818181821514,exact,0.9398373983739837,0.9697986577181208,0.9545829892650701,0.9426666666666605,0.5,0.5,4,2.008522727272714
T3b,288,beat_this,viterbi,0,librosa,0.48,46.1,46.090666666666664,-0.009333333333337634,-0.004861111111113352,exact,0.8696911196911197,0.9793478260869565,0.9212678936605317,0.9346666666666721,0.5,0.5,4,1.9472222222222335
T3b,99,beat_this,viterbi,0,librosa,0.48,30.5,30.496,-0.004000000000001336,-0.0020833333333340294,exact,0.99880810488677,0.9789719626168224,0.9887905604719764,0.01466666666667038,0.6666666666666666,0.8333333333333334,6,0.030555555555563295
T3b,130,beat_this,viterbi,0,librosa,0.48,61.6,61.61066666666667,0.010666666666665492,0.005555555555554944,exact,0.8698167791706847,0.9783080260303688,0.920877998979071,1.000000000000007,0.25,0.5,4,2.083333333333348
T3b,388,beat_this,viterbi,0,librosa,0.48,35.2,35.25333333333333,0.05333333333332746,0.02777777777777472,exact,0.9816666666666667,0.9655737704918033,0.9735537190082645,0.5793333333333308,0.5,0.5,4,1.2069444444444393
T3b,203,beat_this,viterbi,0,librosa,0.4693333333333333,18.9,99.21066666666667,80.31066666666666,42.77911931818182,off,1.0,0.35008818342151676,0.5186152841280209,14.149333333333331,0.0,0.0,2,30.14772727272727
T3b,261,beat_this,viterbi,0,librosa,0.4906666666666667,63.5,63.52,0.020000000000003126,0.01019021739130594,exact,1.0,0.8127812781278128,0.8967229394240318,1.981333333333339,0.25,0.25,4,4.038043478260881
T3b,511,beat_this,viterbi,0,librosa,0.4693333333333333,45.0,45.056,0.055999999999997385,0.02982954545454406,exact,0.9988649262202043,0.9777777777777777,0.9882088714205502,0.05733333333332524,0.75,0.75,4,0.12215909090907368
T3b,258,beat_this,viterbi,0,librosa,0.4693333333333333,15.0,22.496,7.495999999999999,3.9928977272727266,off,1.0,0.8466165413533835,0.9169381107491856,2.7453333333333347,0.3333333333333333,0.3333333333333333,6,5.849431818181821
T4a,176,librosa,viterbi,1,librosa,0.48,60.9,60.96,0.060000000000002274,0.03125000000000119,exact,0.7784891165172856,0.9967213114754099,0.8741912293314162,1.960000000000008,0.5,0.5,4,4.08333333333335
T4a,10,librosa,viterbi,1,librosa,0.4906666666666667,47.3,47.36,0.060000000000002274,0.0305706521739142,exact,1.0,0.9897172236503856,0.9948320413436693,0.04000000000000625,0.75,0.75,4,0.08152173913044752
T4a,170,librosa,viterbi,1,librosa,0.4693333333333333,45.7,45.72,0.01999999999999602,0.010653409090906972,exact,0.9414225941422594,0.8555133079847909,0.8964143426294819,0.030000000000015348,0.6666666666666666,0.6666666666666666,6,0.06392045454548725
T4a,219,librosa,viterbi,1,librosa,0.4266666666666667,41.2,48.02,6.82,3.99609375,off,0.6662621359223301,0.8014598540145985,0.7276341948310139,6.830000000000002,0.25,0.25,4,16.007812500000004
T4a,418,librosa,viterbi,1,librosa,0.48,30.7,30.76,0.060000000000002274,0.03125000000000119,exact,1.0,0.9349593495934959,0.9663865546218486,0.9600000000000009,0.5,0.5,4,2.0000000000000018
T4a,151,librosa,viterbi,1,librosa,0.48,63.8,63.82,0.020000000000003126,0.010416666666668295,exact,0.9982517482517482,0.9677966101694915,0.9827882960413081,0.0400000000000027,0.75,0.75,4,0.08333333333333896
T4a,502,librosa,viterbi,1,librosa,0.6933333333333334,7.5,16.88,9.379999999999999,3.382211538461538,off,1.0,0.6437291897891232,0.7832545577312627,4.720000000000001,0.5,0.5,4,6.807692307692308
T4a,241,librosa,viterbi,1,librosa,0.4693333333333333,45.2,43.36,-1.8400000000000034,-0.9801136363636382,within_1_bar,0.7708565072302559,0.924,0.8405093996361431,4.730000000000011,0.0,0.0,4,10.078125000000023
T4a,175,librosa,viterbi,1,librosa,0.4906666666666667,48.3,47.42,-0.8799999999999955,-0.44836956521738897,within_1_bar,0.670995670995671,1.0,0.8031088082901555,0.45999999999999375,0.5,0.5,4,0.9374999999999872
T4a,504,librosa,viterbi,1,librosa,0.48,24.8,24.82,0.019999999999999574,0.010416666666666446,exact,0.9989506820566632,0.9435084241823588,0.9704383282364933,0.020000000000004903,0.6666666666666666,0.8333333333333334,6,0.041666666666676885
T4a,465,librosa,viterbi,1,librosa,0.48,45.8,53.4,7.600000000000001,3.9583333333333344,off,0.9880668257756563,0.776735459662289,0.8697478991596639,0.9699999999999918,0.25,0.25,4,2.020833333333316
T4a,115,librosa,viterbi,1,librosa,0.512,42.8,35.54,-7.259999999999998,-3.544921874999999,off,0.5658823529411765,0.985655737704918,0.71898355754858,7.459999999999997,0.0,0.0,4,14.570312499999995
T4a,236,librosa,viterbi,1,librosa,0.44800000000000006,43.2,43.22,0.01999999999999602,0.011160714285712064,exact,1.0,0.8300064391500322,0.9071076706544686,2.6999999999999957,0.125,0.125,8,6.026785714285704
T4a,517,librosa,viterbi,1,librosa,0.5013333333333333,18.1,18.18,0.0799999999999983,0.03989361702127575,exact,0.9640350877192982,0.85859375,0.9082644628099174,2.04000000000001,0.16666666666666666,0.5,6,4.069148936170232
T4a,351,librosa,viterbi,1,librosa,0.48,34.3,35.26,0.9600000000000009,0.5000000000000004,within_1_bar,1.0,0.9890590809628009,0.9944994499449945,0.03999999999999204,0.75,0.75,4,0.08333333333331676
T4a,91,librosa,viterbi,1,librosa,0.48,32.4,41.92,9.520000000000003,4.958333333333335,off,0.7385844748858448,0.8501971090670171,0.790470372632865,5.710000000000004,0.25,0.25,4,11.895833333333343
T4a,30,librosa,viterbi,1,librosa,0.4693333333333333,75.2,75.18,-0.01999999999999602,-0.010653409090906972,exact,0.9988888888888889,1.0,0.9994441356309061,0.030000000000001137,0.75,1.0,4,0.06392045454545697
T4a,8,librosa,viterbi,1,librosa,0.5226666666666666,68.9,77.26,8.36,3.9987244897959187,off,0.5177619893428064,0.7762982689747004,0.6212040490143846,13.579999999999998,0.0,0.0,6,25.982142857142858
T4a,467,librosa,viterbi,1,librosa,0.4693333333333333,60.1,63.78,3.6799999999999997,1.9602272727272727,off,0.9990557129367328,0.8831385642737897,0.9375276916260523,1.870000000000001,0.5,0.5,4,3.984375000000002
T4a,177,librosa,viterbi,1,librosa,0.48,23.3,23.34,0.03999999999999915,0.02083333333333289,exact,0.99867197875166,0.99867197875166,0.99867197875166,0.05000000000000071,0.75,1.0,4,0.10416666666666816
T4a,171,librosa,viterbi,1,librosa,0.48,54.2,54.2,0.0,0.0,exact,1.0,0.9791459781529295,0.9894631209232313,0.01999999999999602,0.8333333333333334,0.8333333333333334,6,0.04166666666665838
T4a,36,librosa,viterbi,1,librosa,0.4693333333333333,54.6,54.62,0.01999999999999602,0.010653409090906972,exact,0.8927038626609443,0.9704510108864697,0.9299552906110283,0.9499999999999957,0.5,0.5,4,2.024147727272718
T4a,389,librosa,viterbi,1,librosa,0.48,15.2,20.96,5.760000000000002,3.000000000000001,off,1.0,0.8208255159474672,0.9015971148892324,3.8300000000000036,0.0,0.0,4,7.979166666666674
T4a,98,librosa,viterbi,1,librosa,0.4693333333333333,71.3,69.42,-1.8799999999999955,-1.0014204545454521,off,0.7601522842639594,1.0,0.8637346791636626,0.980000000000004,0.25,0.5,4,2.0880681818181905
T4a,38,librosa,viterbi,1,librosa,0.48,45.7,45.72,0.01999999999999602,0.010416666666664595,exact,0.8292410714285714,0.9763469119579501,0.8968014484007241,0.9300000000000068,0.5,0.5,4,1.9375000000000142
T4a,354,librosa,viterbi,1,librosa,0.48,17.8,31.28,13.48,7.020833333333334,off,0.9986282578875172,0.8425925925925926,0.9139987445072191,0.05000000000000071,0.8333333333333334,0.8333333333333334,6,0.10416666666666816
T4a,180,librosa,viterbi,1,librosa,0.48,112.3,54.24,-58.059999999999995,-30.239583333333332,off,0.44106463878326996,0.9369951534733441,0.5997931747673216,10.639999999999993,0.25,0.25,8,22.166666666666654
T4a,168,librosa,viterbi,1,librosa,0.4906666666666667,51.1,51.16,0.05999999999999517,0.03057065217391058,exact,0.9089506172839507,0.8791044776119403,0.8937784522003035,3.9599999999999937,0.25,0.25,4,8.07065217391303
T4a,46,librosa,viterbi,1,librosa,0.4906666666666667,57.1,51.24,-5.859999999999999,-2.9857336956521734,off,0.8531073446327684,1.0,0.9207317073170732,0.980000000000004,0.5,0.5,4,1.99728260869566
T4a,480,librosa,viterbi,1,librosa,0.48,92.9,92.92,0.01999999999999602,0.010416666666664595,exact,1.0,0.8900738310090238,0.9418402777777778,1.9100000000000037,0.5,0.5,6,3.9791666666666745
T4a,131,librosa,viterbi,1,librosa,0.48,31.7,31.72,0.019999999999999574,0.010416666666666446,exact,1.0,0.9549945115257958,0.9769792251544076,0.07000000000000739,0.5,0.6666666666666666,6,0.14583333333334875
T4a,336,librosa,viterbi,1,librosa,0.7146666666666667,53.3,53.36,0.060000000000002274,0.02098880597015005,exact,0.9988584474885844,0.8200562324273665,0.9006690684508492,0.060000000000002274,0.6666666666666666,0.6666666666666666,6,0.0839552238806002
T4a,522,librosa,viterbi,1,librosa,0.48,30.5,38.1,7.600000000000001,3.9583333333333344,off,1.0,0.9194001874414246,0.9580078125,0.5099999999999909,0.5,0.5,4,1.0624999999999811
T4a,397,librosa,viterbi,1,librosa,0.48,47.8,47.82,0.020000000000003126,0.010416666666668295,exact,1.0,0.9168490153172867,0.9566210045662101,0.03000000000000469,0.75,0.75,4,0.06250000000000977
T4a,547,librosa,viterbi,1,librosa,0.4693333333333333,91.8,88.12,-3.6799999999999926,-1.960227272727269,off,0.9403453689167975,0.9983333333333333,0.9684721099434115,0.060000000000002274,0.75,0.75,4,0.12784090909091395
T4a,491,librosa,viterbi,1,librosa,0.48,61.4,61.48,0.0799999999999983,0.04166666666666578,exact,0.9535256410256411,0.967479674796748,0.96045197740113,0.9599999999999937,0.0,0.5,4,1.9999999999999871
T4a,68,librosa,viterbi,1,librosa,0.5973333333333334,77.5,77.5,0.0,0.0,exact,1.0,0.9692556634304207,0.9843878389482333,0.030000000000001137,0.75,0.75,4,0.05022321428571618
T4a,317,librosa,viterbi,1,librosa,0.4693333333333333,33.7,33.76,0.05999999999999517,0.0319602272727247,exact,0.9782135076252724,0.9966703662597114,0.9873556899395273,0.060000000000002274,0.6666666666666666,0.8333333333333334,6,0.12784090909091395
T4a,297,librosa,viterbi,1,librosa,0.48,38.9,38.88,-0.01999999999999602,-0.010416666666664595,exact,0.7289940828402367,1.0,0.8432580424366872,3.8600000000000065,0.5,0.5,4,8.04166666666668
T4a,321,librosa,viterbi,1,librosa,0.48,15.2,91.44,76.24,39.70833333333333,off,0.9120370370370371,0.6466083150984683,0.7567221510883482,0.9300000000000068,0.5,0.5,4,1.9375000000000142
T4a,255,librosa,viterbi,1,librosa,0.4693333333333333,32.1,32.12,0.01999999999999602,0.010653409090906972,exact,0.9367369589345172,0.9580022701475596,0.9472502805836139,0.9399999999999977,0.5,0.5,6,2.0028409090909043
T4a,235,librosa,viterbi,1,librosa,0.4693333333333333,45.4,45.38,-0.01999999999999602,-0.010653409090906972,exact,1.0,0.6669117647058823,0.800176444640494,0.04000000000001336,0.6666666666666666,0.6666666666666666,6,0.08522727272730118
T4a,430,librosa,viterbi,1,librosa,0.4693333333333333,55.8,55.84,0.04000000000000625,0.021306818181821514,exact,0.8418079096045198,1.0,0.9141104294478527,0.03999999999999915,0.75,0.75,4,0.08522727272727092
T4a,288,librosa,viterbi,1,librosa,0.48,46.1,46.1,0.0,0.0,exact,0.8592283628779979,0.8956521739130435,0.8770622671633848,4.770000000000003,0.25,0.25,4,9.937500000000007
T4a,99,librosa,viterbi,1,librosa,0.48,30.5,30.5,0.0,0.0,exact,0.9976689976689976,1.0,0.9988331388564761,0.00999999999999801,0.6666666666666666,1.0,6,0.02083333333332919
T4a,130,librosa,viterbi,1,librosa,0.48,61.6,61.62,0.01999999999999602,0.010416666666664595,exact,0.8721590909090909,0.9989154013015185,0.9312436804853389,0.05000000000000426,0.5,0.75,4,0.10416666666667555
T4a,388,librosa,viterbi,1,librosa,0.48,35.2,35.26,0.05999999999999517,0.031249999999997485,exact,1.0,0.9967213114754099,0.9983579638752053,0.050000000000007816,1.0,1.0,4,0.10416666666668295
T4a,203,librosa,viterbi,1,librosa,0.4693333333333333,18.9,104.9,86.0,45.80965909090909,off,1.0,0.5,0.6666666666666666,5.650000000000006,0.0,0.0,2,12.038352272727286
T4a,261,librosa,viterbi,1,librosa,0.4906666666666667,63.5,66.5,3.0,1.528532608695652,off,1.0,0.9198919891989199,0.9582747304266291,2.5,0.0,0.0,4,5.095108695652174
T4a,511,librosa,viterbi,1,librosa,0.4693333333333333,45.0,45.06,0.060000000000002274,0.031960227272728486,exact,0.9977777777777778,0.9977777777777778,0.9977777777777778,0.060000000000002274,1.0,1.0,4,0.12784090909091395
T4a,258,librosa,viterbi,1,librosa,0.4693333333333333,15.0,20.64,5.640000000000001,3.004261363636364,off,1.0,0.775187969924812,0.8733587462939433,3.6699999999999946,0.3333333333333333,0.3333333333333333,6,7.819602272727261
T4b,176,beat_this,viterbi,1,librosa,0.48,60.9,60.96,0.060000000000002274,0.03125000000000119,exact,0.9671592775041051,0.9655737704918033,0.96636587366694,0.9600000000000009,0.5,0.5,4,2.0000000000000018
T4b,10,beat_this,viterbi,1,librosa,0.4906666666666667,47.3,47.36,0.060000000000002274,0.0305706521739142,exact,1.0,0.8894601542416453,0.9414965986394558,0.04000000000000625,0.75,0.75,4,0.08152173913044752
T4b,170,beat_this,viterbi,1,librosa,0.4693333333333333,45.7,45.72,0.01999999999999602,0.010653409090906972,exact,0.8571428571428571,0.8555133079847909,0.8563273073263559,0.030000000000015348,0.6666666666666666,0.6666666666666666,6,0.06392045454548725
T4b,219,beat_this,viterbi,1,librosa,0.4266666666666667,41.2,41.18,-0.020000000000003126,-0.011718750000001832,exact,0.7405405405405405,1.0,0.8509316770186335,0.0400000000000027,0.75,0.75,4,0.09375000000000633
T4b,418,beat_this,viterbi,1,librosa,0.48,30.7,30.76,0.060000000000002274,0.03125000000000119,exact,1.0,0.9349593495934959,0.9663865546218486,0.9600000000000009,0.5,0.5,4,2.0000000000000018
T4b,151,beat_this,viterbi,1,librosa,0.48,63.8,63.82,0.020000000000003126,0.010416666666668295,exact,0.9982517482517482,0.9677966101694915,0.9827882960413081,0.0400000000000027,0.75,0.75,4,0.08333333333333896
T4b,502,beat_this,viterbi,1,librosa,0.6933333333333334,7.5,7.5,0.0,0.0,exact,1.0,0.9988901220865705,0.9994447529150472,0.0,1.0,1.0,6,0.0
T4b,241,beat_this,viterbi,1,librosa,0.4693333333333333,45.2,43.36,-1.8400000000000034,-0.9801136363636382,within_1_bar,0.80042689434365,1.0,0.8891523414344991,1.8800000000000026,0.25,0.25,4,4.005681818181824
T4b,175,beat_this,viterbi,1,librosa,0.4906666666666667,48.3,47.42,-0.8799999999999955,-0.44836956521738897,within_1_bar,0.7843426883308715,0.8564516129032258,0.8188126445643794,4.869999999999997,0.3333333333333333,0.3333333333333333,6,9.925271739130428
T4b,504,beat_this,viterbi,1,librosa,0.48,24.8,24.82,0.019999999999999574,0.010416666666666446,exact,0.9989506820566632,0.9435084241823588,0.9704383282364933,0.020000000000010232,0.6666666666666666,0.8333333333333334,6,0.04166666666668799
T4b,465,beat_this,viterbi,1,librosa,0.48,45.8,45.78,-0.01999999999999602,-0.010416666666664595,exact,0.9888268156424581,0.8302063789868668,0.9026007139214687,0.03999999999999915,0.6666666666666666,0.6666666666666666,6,0.08333333333333157
T4b,115,beat_this,viterbi,1,librosa,0.512,42.8,35.54,-7.259999999999998,-3.544921874999999,off,0.5802171290711701,0.985655737704918,0.7304479878511769,6.419999999999998,0.0,0.0,4,12.539062499999996
T4b,236,beat_this,viterbi,1,librosa,0.44800000000000006,43.2,43.22,0.01999999999999602,0.011160714285712064,exact,1.0,0.7218287186091435,0.838444278234854,0.030000000000001137,0.6666666666666666,0.6666666666666666,6,0.06696428571428824
T4b,517,beat_this,viterbi,1,librosa,0.5013333333333333,18.1,18.18,0.0799999999999983,0.03989361702127575,exact,0.9663934426229508,0.92109375,0.9431999999999999,0.09000000000000696,0.16666666666666666,0.6666666666666666,6,0.1795212765957586
T4b,351,beat_this,viterbi,1,librosa,0.48,34.3,34.3,0.0,0.0,exact,1.0,0.937636761487965,0.9678147939017504,0.02999999999999403,0.75,0.75,4,0.062499999999987566
T4b,91,beat_this,viterbi,1,librosa,0.48,32.4,32.4,0.0,0.0,exact,0.8989501312335958,0.900131406044678,0.8995403808273145,3.8200000000000003,0.5,0.5,4,7.958333333333334
T4b,30,beat_this,viterbi,1,librosa,0.4693333333333333,75.2,75.18,-0.01999999999999602,-0.010653409090906972,exact,0.9988888888888889,1.0,0.9994441356309061,0.030000000000001137,0.75,1.0,4,0.06392045454545697
T4b,8,beat_this,viterbi,1,librosa,0.5226666666666666,68.9,71.0,2.0999999999999943,1.0044642857142831,off,0.9424657534246575,0.9161118508655126,0.9291019581363943,3.1199999999999974,0.0,0.25,4,5.969387755102036
T4b,467,beat_this,viterbi,1,librosa,0.4693333333333333,60.1,60.04,-0.060000000000002274,-0.031960227272728486,exact,0.9978471474703983,0.7737896494156928,0.8716502115655853,0.9500000000000028,0.5,0.5,4,2.0241477272727333
T4b,177,beat_this,viterbi,1,librosa,0.48,23.3,23.34,0.03999999999999915,0.02083333333333289,exact,0.99867197875166,0.99867197875166,0.99867197875166,0.05000000000000071,0.75,1.0,4,0.10416666666666816
T4b,171,beat_this,viterbi,1,librosa,0.48,54.2,54.2,0.0,0.0,exact,1.0,0.9791459781529295,0.9894631209232313,0.01999999999999602,0.8333333333333334,0.8333333333333334,6,0.04166666666665838
T4b,36,beat_this,viterbi,1,librosa,0.4693333333333333,54.6,54.62,0.01999999999999602,0.010653409090906972,exact,0.8927038626609443,0.9704510108864697,0.9299552906110283,0.9499999999999957,0.5,0.5,4,2.024147727272718
T4b,389,beat_this,viterbi,1,librosa,0.48,15.2,15.24,0.040000000000000924,0.020833333333333814,exact,1.0,0.8930581613508443,0.9435084241823588,0.9499999999999931,0.5,0.5,4,1.9791666666666523
T4b,98,beat_this,viterbi,1,librosa,0.4693333333333333,71.3,24.42,-46.879999999999995,-24.971590909090907,off,0.625914315569488,1.0,0.7699228791773779,9.38000000000001,0.16666666666666666,0.3333333333333333,6,19.985795454545475
T4b,38,beat_this,viterbi,1,librosa,0.48,45.7,45.72,0.01999999999999602,0.010416666666664595,exact,0.9291819291819292,1.0,0.9632911392405064,0.04000000000000625,0.75,0.75,4,0.08333333333334636
T4b,354,beat_this,viterbi,1,librosa,0.48,17.8,25.52,7.719999999999999,4.020833333333333,off,0.9987293519695044,0.9097222222222222,0.9521502119927318,0.05000000000000071,0.8333333333333334,0.8333333333333334,6,0.10416666666666816
T4b,180,beat_this,viterbi,1,librosa,0.48,112.3,36.82,-75.47999999999999,-39.31249999999999,off,0.37744171392564585,0.9676898222940227,0.543064369900272,12.549999999999997,0.3333333333333333,0.3333333333333333,6,26.14583333333333
T4b,168,beat_this,viterbi,1,librosa,0.4906666666666667,51.1,51.16,0.05999999999999517,0.03057065217391058,exact,0.9165487977369166,0.9671641791044776,0.9411764705882354,1.0300000000000011,0.5,0.5,4,2.099184782608698
T4b,46,beat_this,viterbi,1,librosa,0.4906666666666667,57.1,47.32,-9.780000000000001,-4.983016304347826,off,0.606425702811245,1.0,0.755,8.82,0.16666666666666666,0.16666666666666666,6,17.975543478260867
T4b,480,beat_this,viterbi,1,librosa,0.48,92.9,92.92,0.01999999999999602,0.010416666666664595,exact,0.8133608815426997,0.9688269073010665,0.8843129913889928,1.9100000000000037,0.5,0.5,4,3.9791666666666745
T4b,131,beat_this,viterbi,1,librosa,0.48,31.7,31.72,0.019999999999999574,0.010416666666666446,exact,0.8497560975609756,0.9560922063666301,0.8997933884297521,0.9799999999999969,0.5,0.5,6,2.0416666666666603
T4b,336,beat_this,viterbi,1,librosa,0.7146666666666667,53.3,53.36,0.060000000000002274,0.02098880597015005,exact,1.0,0.9090909090909091,0.9523809523809523,0.07000000000000028,0.5,0.6666666666666666,6,0.09794776119403024
T4b,522,beat_this,viterbi,1,librosa,0.48,30.5,30.5,0.0,0.0,exact,1.0,0.9550140581068416,0.9769894534995206,0.5099999999999909,0.5,0.5,4,1.0624999999999811
T4b,397,beat_this,viterbi,1,librosa,0.48,47.8,47.82,0.020000000000003126,0.010416666666668295,exact,1.0,0.8336980306345733,0.9093078758949881,0.9499999999999993,0.5,0.5,4,1.9791666666666652
T4b,547,beat_this,viterbi,1,librosa,0.4693333333333333,91.8,84.34,-7.459999999999994,-3.9737215909090877,off,0.6655555555555556,0.9983333333333333,0.7986666666666666,3.759999999999998,0.5,0.5,6,8.011363636363633
T4b,491,beat_this,viterbi,1,librosa,0.48,61.4,61.48,0.0799999999999983,0.04166666666666578,exact,1.0,0.9512195121951219,0.975,0.5399999999999991,0.0,0.5,4,1.1249999999999982
T4b,68,beat_this,viterbi,1,librosa,0.5973333333333334,77.5,56.2,-21.299999999999997,-8.914620535714283,off,0.6454741379310345,0.9692556634304207,0.77490297542044,5.780000000000008,0.375,0.375,8,9.676339285714299
T4b,317,beat_this,viterbi,1,librosa,0.4693333333333333,33.7,33.76,0.05999999999999517,0.0319602272727247,exact,0.9977298524404086,0.9755826859045506,0.9865319865319865,0.060000000000002274,0.6666666666666666,0.8333333333333334,6,0.12784090909091395
T4b,297,beat_this,viterbi,1,librosa,0.48,38.9,38.88,-0.01999999999999602,-0.010416666666664595,exact,0.7903448275862069,0.9301948051948052,0.854586129753915,5.920000000000002,0.25,0.25,4,12.333333333333337
T4b,321,beat_this,viterbi,1,librosa,0.48,15.2,15.26,0.0600000000000005,0.031250000000000264,exact,0.9401260504201681,0.9792122538293216,0.9592711682743836,0.04999999999999627,0.6666666666666666,0.6666666666666666,6,0.1041666666666589
T4b,255,beat_this,viterbi,1,librosa,0.4693333333333333,32.1,32.12,0.01999999999999602,0.010653409090906972,exact,0.9988165680473373,0.9580022701475596,0.9779837775202782,0.04999999999999716,0.6666666666666666,0.6666666666666666,6,0.10653409090908486
T4b,235,beat_this,viterbi,1,librosa,0.4693333333333333,45.4,45.38,-0.01999999999999602,-0.010653409090906972,exact,1.0,0.7639705882352941,0.866194247603168,0.04000000000001336,0.6666666666666666,0.6666666666666666,6,0.08522727272730118
T4b,430,beat_this,viterbi,1,librosa,0.4693333333333333,55.8,55.84,0.04000000000000625,0.021306818181821514,exact,0.9415481832543444,1.0,0.9698942229454841,0.03999999999999915,0.75,0.75,4,0.08522727272727092
T4b,288,beat_this,viterbi,1,librosa,0.48,46.1,46.1,0.0,0.0,exact,0.8696911196911197,0.9793478260869565,0.9212678936605317,0.9299999999999997,0.5,0.5,4,1.9374999999999996
T4b,99,beat_this,viterbi,1,librosa,0.48,30.5,30.5,0.0,0.0,exact,0.9976689976689976,1.0,0.9988331388564761,0.00999999999999801,0.6666666666666666,1.0,6,0.02083333333332919
T4b,130,beat_this,viterbi,1,librosa,0.48,61.6,61.62,0.01999999999999602,0.010416666666664595,exact,0.8721590909090909,0.9989154013015185,0.9312436804853389,0.05000000000000426,0.5,0.75,4,0.10416666666667555
T4b,388,beat_this,viterbi,1,librosa,0.48,35.2,35.26,0.05999999999999517,0.031249999999997485,exact,1.0,0.9967213114754099,0.9983579638752053,0.050000000000007816,1.0,1.0,4,0.10416666666668295
T4b,203,beat_this,viterbi,1,librosa,0.4693333333333333,18.9,95.46,76.56,40.78125,off,1.0,0.36596119929453264,0.5358295674628792,13.219999999999992,0.0,0.0,2,28.16761363636362
T4b,261,beat_this,viterbi,1,librosa,0.4906666666666667,63.5,63.52,0.020000000000003126,0.01019021739130594,exact,1.0,0.8577857785778578,0.9234496124031008,0.4900000000000091,0.5,0.5,4,0.9986413043478446
T4b,511,beat_this,viterbi,1,librosa,0.4693333333333333,45.0,45.06,0.060000000000002274,0.031960227272728486,exact,0.9977777777777778,0.9977777777777778,0.9977777777777778,0.060000000000002274,1.0,1.0,4,0.12784090909091395
T4b,258,beat_this,viterbi,1,librosa,0.4693333333333333,15.0,20.64,5.640000000000001,3.004261363636364,off,0.9991532599491956,0.8872180451127819,0.9398645957785742,0.9999999999999929,0.3333333333333333,0.5,6,2.1306818181818032
T6a,176,librosa,viterbi,0,beat_this,0.4799999999999969,60.9,62.89066666666667,1.9906666666666695,1.0368055555555638,off,0.734375,0.9245901639344263,0.8185776487663281,4.620666666666665,0.0,0.0,4,9.626388888888949
T6a,10,librosa,viterbi,0,beat_this,0.480000000000004,47.3,49.48266666666667,2.1826666666666696,1.1368055555555476,off,0.9920318725099602,0.9601542416452442,0.9758327890267798,0.6373333333333306,0.0,0.25,4,1.327777777777761
T6a,170,librosa,viterbi,0,beat_this,0.460000000000008,45.7,47.424,1.7239999999999966,0.9369565217391123,within_1_bar,0.9826388888888888,0.8070342205323194,0.8862212943632568,1.9466666666666619,0.0,0.0,6,4.23188405797093
T6a,219,librosa,viterbi,0,beat_this,0.42000000000000176,41.2,48.384,7.1839999999999975,4.276190476190457,off,0.667989417989418,0.7372262773722628,0.7009021512838307,7.061333333333337,0.0,0.0,4,16.812698412698353
T6a,418,librosa,viterbi,0,beat_this,0.4800000000000022,30.7,32.17066666666667,1.47066666666667,0.7659722222222204,within_1_bar,0.9680672268907563,0.9365853658536586,0.9520661157024793,1.4806666666666697,0.0,0.25,4,3.084722222222214
T6a,151,librosa,viterbi,0,beat_this,0.4799999999999991,63.8,62.93333333333333,-0.8666666666666671,-0.45138888888889,within_1_bar,0.9527027027027027,0.9559322033898305,0.9543147208121828,1.1913333333333291,0.0,0.25,4,2.4819444444444403
T6a,502,librosa,viterbi,0,beat_this,0.460000000000008,7.5,12.576,5.0760000000000005,2.7586956521738655,off,0.9375,0.8990011098779135,0.9178470254957507,2.207333333333331,0.0,0.16666666666666666,6,4.798550724637592
T6a,241,librosa,viterbi,0,beat_this,0.460000000000008,45.2,45.76,0.5599999999999952,0.3043478260869486,within_1_bar,0.781354051054384,0.9386666666666666,0.852816474863719,3.687333333333335,0.0,0.0,4,8.015942028985371
T6a,175,librosa,viterbi,0,beat_this,0.5,48.3,49.717333333333336,1.4173333333333389,0.7086666666666694,within_1_bar,0.6388595564941922,0.9758064516129032,0.7721761327377153,1.413999999999998,0.0,0.25,4,2.827999999999996
T6a,504,librosa,viterbi,0,beat_this,0.4799999999999969,24.8,26.730666666666668,1.9306666666666672,1.0055555555555624,off,0.9898190045248869,0.867195242814668,0.92445853143159,1.7699999999999996,0.0,0.0,6,3.687500000000023
T6a,465,librosa,viterbi,0,beat_this,0.4799999999999969,45.8,55.296,9.496000000000002,4.945833333333367,off,0.9834815756035579,0.726078799249531,0.8354020507285485,2.2240000000000038,0.0,0.0,4,4.633333333333371
T6a,115,librosa,viterbi,0,beat_this,0.519999999999996,42.8,39.114666666666665,-3.6853333333333325,-1.771794871794885,off,0.5948275862068966,0.9897540983606558,0.7430769230769231,6.519999999999996,0.0,0.0,4,12.538461538461627
T6a,236,librosa,viterbi,0,beat_this,0.4399999999999978,43.2,45.38666666666666,2.1866666666666603,1.242424242424245,off,1.0,0.6458467482292337,0.7848200312989044,4.289999999999992,0.0,0.0,6,9.75000000000003
T6a,517,librosa,viterbi,0,beat_this,0.5,18.1,19.701333333333334,1.6013333333333328,0.8006666666666664,within_1_bar,0.95,0.81640625,0.8781512605042017,3.551333333333341,0.0,0.16666666666666666,6,7.102666666666682
T6a,351,librosa,viterbi,0,beat_this,0.4799999999999969,34.3,38.176,3.8760000000000048,2.018750000000016,off,1.0,0.8818380743982495,0.9372093023255814,2.690000000000005,0.0,0.0,4,5.604166666666713
T6a,91,librosa,viterbi,0,beat_this,0.47999999999999865,32.4,43.70133333333333,11.301333333333332,5.886111111111127,off,0.7467144563918757,0.8212877792378449,0.7822277847309137,6.801333333333332,0.25,0.25,4,14.169444444444482
T6a,30,librosa,viterbi,0,beat_this,0.460000000000008,75.2,79.09333333333333,3.893333333333331,2.115942028985469,off,1.0,0.8186874304783093,0.9003058103975536,3.9706666666666663,0.0,0.0,4,8.631884057970863
T6a,8,librosa,viterbi,0,beat_this,0.52,68.9,76.832,7.931999999999988,3.8134615384615325,off,0.7534766118836915,0.7936085219707057,0.7730220492866406,7.772000000000006,0.0,0.0,4,14.946153846153857
T6a,467,librosa,viterbi,0,beat_this,0.460000000000008,60.1,60.650666666666666,0.5506666666666646,0.2992753623188343,within_1_bar,1.0,0.8756260434056762,0.9336893635959057,0.6333333333333364,0.0,0.25,4,1.3768115942028814
T6a,177,librosa,viterbi,0,beat_this,0.47999999999999954,23.3,24.501333333333335,1.2013333333333343,0.6256944444444456,within_1_bar,0.9697766097240473,0.9800796812749004,0.9749009247027741,0.8999999999999968,0.0,0.25,4,1.8749999999999951
T6a,171,librosa,viterbi,0,beat_this,0.480000000000004,54.2,55.498666666666665,1.2986666666666622,0.6763888888888809,within_1_bar,0.9882978723404255,0.9225422045680238,0.9542886492039035,1.1700000000000017,0.0,0.3333333333333333,6,2.4374999999999836
T6a,36,librosa,viterbi,0,beat_this,0.47999999999998977,54.6,55.53066666666667,0.9306666666666672,0.4847222222222328,within_1_bar,0.9326186830015314,0.9471228615863142,0.9398148148148149,2.0206666666666635,0.0,0.0,4,4.209722222222306
T6a,389,librosa,viterbi,0,beat_this,0.4799999999999969,15.2,22.709333333333333,7.509333333333334,3.911111111111137,off,1.0,0.7204502814258912,0.8375136314067613,6.08,0.0,0.0,4,12.66666666666675
T6a,98,librosa,viterbi,0,beat_this,0.460000000000008,71.3,69.74933333333334,-1.5506666666666575,-0.8427536231883862,within_1_bar,0.7801047120418848,0.994991652754591,0.8745414526779164,1.0513333333333392,0.0,0.25,4,2.2855072463767847
T6a,38,librosa,viterbi,0,beat_this,0.4799999999999969,45.7,47.776,2.0760000000000005,1.0812500000000074,off,0.8303030303030303,0.900131406044678,0.8638083228247162,3.2699999999999996,0.0,0.0,4,6.8125000000000435
T6a,354,librosa,viterbi,0,beat_this,0.4800000000000004,17.8,30.602666666666668,12.802666666666667,6.66805555555555,off,0.9898697539797395,0.7916666666666666,0.879742765273312,0.980000000000004,0.0,0.0,6,2.041666666666673
T6a,180,librosa,viterbi,0,beat_this,0.480000000000004,112.3,55.25333333333333,-57.04666666666667,-29.71180555555531,off,0.42417061611374407,0.8675282714054927,0.5697612732095491,12.060000000000002,0.0,0.0,8,25.124999999999797
T6a,168,librosa,viterbi,0,beat_this,0.5,51.1,49.76,-1.3400000000000034,-0.6700000000000017,within_1_bar,0.8703427719821163,0.8716417910447761,0.8709917971662938,4.362666666666669,0.0,0.0,4,8.725333333333339
T6a,46,librosa,viterbi,0,beat_this,0.5,57.1,53.61066666666667,-3.4893333333333345,-1.7446666666666673,off,0.6744186046511628,0.9602649006622517,0.7923497267759563,4.099999999999994,0.0,0.0,6,8.199999999999989
T6a,480,librosa,viterbi,0,beat_this,0.480000000000004,92.9,93.632,0.7319999999999993,0.3812499999999965,within_1_bar,0.9551569506726457,0.8736669401148482,0.9125964010282777,3.319999999999993,0.0,0.0,6,6.916666666666595
T6a,131,librosa,viterbi,0,beat_this,0.480000000000004,31.7,32.437333333333335,0.7373333333333356,0.3840277777777758,within_1_bar,0.9750849377123443,0.9451152579582875,0.959866220735786,1.1000000000000032,0.0,0.16666666666666666,6,2.2916666666666545
T6a,336,librosa,viterbi,0,beat_this,0.4799999999999969,53.3,53.568,0.2680000000000007,0.13958333333333459,exact,1.0,0.8641049671977507,0.9270990447461036,2.6899999999999977,0.0,0.16666666666666666,6,5.604166666666698
T6a,522,librosa,viterbi,0,beat_this,0.4799999999999969,30.5,34.336,3.8359999999999985,1.997916666666679,off,0.995880535530381,0.9062792877225867,0.9489695780176645,3.0899999999999963,0.0,0.25,4,6.437500000000035
T6a,397,librosa,viterbi,0,beat_this,0.4799999999999969,47.8,49.632,1.8320000000000007,0.9541666666666733,within_1_bar,1.0,0.8413566739606126,0.9138443256090315,2.6900000000000013,0.0,0.0,4,5.604166666666706
T6a,547,librosa,viterbi,0,beat_this,0.460000000000008,91.8,88.20266666666667,-3.5973333333333244,-1.955072463768077,off,0.6738391845979615,0.9916666666666667,0.8024275118004047,3.799999999999997,0.0,0.16666666666666666,6,8.260869565217241
T6a,491,librosa,viterbi,0,beat_this,0.4800000000000004,61.4,62.95466666666667,1.5546666666666695,0.809722222222223,within_1_bar,0.9010819165378671,0.9479674796747968,0.9239302694136292,1.564666666666671,0.0,0.0,4,3.2597222222222286
T6a,68,librosa,viterbi,0,beat_this,0.480000000000004,77.5,80.27733333333333,2.777333333333331,1.4465277777777648,off,0.9243697478991597,0.889967637540453,0.9068425391591096,2.450000000000003,0.0,0.0,4,5.1041666666666305
T6a,317,librosa,viterbi,0,beat_this,0.460000000000008,33.7,34.56,0.8599999999999994,0.4673913043478176,within_1_bar,0.9153674832962138,0.9123196448390677,0.9138410227904391,2.264000000000003,0.0,0.0,6,4.921739130434704
T6a,297,librosa,viterbi,0,beat_this,0.4800000000000004,38.9,41.781333333333336,2.8813333333333375,1.5006944444444452,off,0.7158808933002482,0.9366883116883117,0.8115330520393812,6.7413333333333405,0.0,0.0,4,14.044444444444446
T6a,321,librosa,viterbi,0,beat_this,0.47999999999998977,15.2,93.856,78.65599999999999,40.966666666667535,off,0.9327731092436975,0.6072210065645515,0.7355864811133203,2.5659999999999883,0.0,0.0,4,5.345833333333423
T6a,255,librosa,viterbi,0,beat_this,0.460000000000008,32.1,32.832,0.7319999999999993,0.39782608695651445,within_1_bar,0.9502369668246445,0.9103291713961408,0.9298550724637681,1.884666666666675,0.0,0.0,6,4.097101449275309
T6a,235,librosa,viterbi,0,beat_this,0.47999999999998977,45.4,45.856,0.45600000000000307,0.23750000000000665,exact,1.0,0.65,0.787878787878788,3.0960000000000036,0.0,0.16666666666666666,6,6.450000000000145
T6a,430,librosa,viterbi,0,beat_this,0.460000000000008,55.8,56.87466666666667,1.0746666666666727,0.5840579710144859,within_1_bar,0.7866108786610879,0.9463087248322147,0.859101294744859,1.9106666666666712,0.0,0.0,4,4.153623188405734
T6a,288,librosa,viterbi,0,beat_this,0.4800000000000004,46.1,47.57333333333333,1.4733333333333292,0.7673611111111083,within_1_bar,0.846307385229541,0.9217391304347826,0.882414151925078,3.393333333333331,0.0,0.25,4,7.069444444444433
T6a,99,librosa,viterbi,0,beat_this,0.4799999999999969,30.5,34.101333333333336,3.6013333333333364,1.8756944444444583,off,0.9838709677419355,0.9264018691588785,0.9542719614921781,0.8913333333333355,0.0,0.3333333333333333,6,1.8569444444444612
T6a,130,librosa,viterbi,0,beat_this,0.4800000000000004,61.6,61.38666666666666,-0.21333333333333826,-0.11111111111111358,exact,0.8703878902554399,0.9978308026030369,0.9297625063163213,0.22333333333333627,0.0,0.75,4,0.4652777777777835
T6a,388,librosa,viterbi,0,beat_this,0.4799999999999969,35.2,37.952,2.7519999999999953,1.4333333333333402,off,0.9626485568760611,0.9295081967213115,0.9457881567973312,1.2886666666666642,0.0,0.0,4,2.6847222222222347
T6a,203,librosa,viterbi,0,beat_this,0.47999999999998977,18.9,105.14133333333334,86.24133333333333,44.917361111112065,off,0.9896551724137931,0.5061728395061729,0.6697782963827305,5.596000000000004,0.0,0.0,2,11.658333333333589
T6a,261,librosa,viterbi,0,beat_this,0.5,63.5,65.80266666666667,2.302666666666667,1.1513333333333335,off,1.0,0.9000900090009001,0.9474182851729038,2.7973333333333414,0.0,0.0,4,5.594666666666683
T6a,511,librosa,viterbi,0,beat_this,0.460000000000008,45.0,45.86666666666667,0.8666666666666671,0.47101449275361523,within_1_bar,1.0,0.9611111111111111,0.9801699716713881,0.8039999999999985,0.25,0.25,4,1.7478260869564881
T6a,258,librosa,viterbi,0,beat_this,0.460000000000008,15.0,21.664,6.6640000000000015,3.62173913043472,off,1.0,0.7330827067669173,0.8459869848156182,4.553333333333338,0.0,0.0,6,9.89855072463752
T6b,176,librosa,viterbi,0,qm,0.47619047619047616,60.9,62.4,1.5,0.7875000000000001,within_1_bar,0.7550471063257066,0.919672131147541,0.8292682926829269,3.38333333333334,0.0,0.0,4,7.105000000000015
T6b,10,librosa,viterbi,0,qm,0.4878048780487805,47.3,48.32,1.0200000000000031,0.5227500000000016,within_1_bar,0.991869918699187,0.9408740359897172,0.9656992084432716,0.8573333333333402,0.0,0.0,4,1.7575333333333474
T6b,170,librosa,viterbi,0,qm,0.46875,45.7,48.309333333333335,2.609333333333332,1.3916444444444438,off,0.9166666666666666,0.7842205323193916,0.8452868852459017,2.810666666666666,0.0,0.0,6,5.996088888888888
T6b,219,librosa,viterbi,0,qm,0.42857142857142855,41.2,49.35466666666667,8.154666666666664,4.756888888888888,off,0.6718547341115434,0.7562043795620438,0.7115384615384615,6.437333333333331,0.0,0.0,4,15.02044444444444
T6b,418,librosa,viterbi,0,qm,0.48,30.7,32.16,1.4599999999999973,0.7604166666666653,within_1_bar,0.9680672268907563,0.9365853658536586,0.9520661157024793,1.4700000000000006,0.0,0.25,4,3.0625000000000013
T6b,151,librosa,viterbi,0,qm,0.47619047619047616,63.8,62.44266666666667,-1.3573333333333295,-0.712599999999998,within_1_bar,0.9516666666666667,0.9677966101694915,0.9596638655462185,1.3699999999999974,0.0,0.0,4,2.876999999999995
T6b,502,librosa,viterbi,0,qm,0.46875,7.5,18.357333333333333,10.857333333333333,5.790577777777778,off,0.9335748792270532,0.8579356270810211,0.8941584731058415,1.4593333333333192,0.0,0.3333333333333333,6,3.113244444444414
T6b,241,librosa,viterbi,0,qm,0.46875,45.2,44.74666666666667,-0.45333333333333314,-0.24177777777777767,exact,0.7957824639289678,0.956,0.868564506359782,3.3033333333333417,0.0,0.25,4,7.047111111111129
T6b,175,librosa,viterbi,0,qm,0.4918032786885246,48.3,48.906666666666666,0.6066666666666691,0.30838888888889016,within_1_bar,0.6489707475622969,0.9661290322580646,0.7764095917044719,1.4413333333333327,0.0,0.0,4,2.9307111111111097
T6b,504,librosa,viterbi,0,qm,0.47619047619047616,24.8,26.538666666666668,1.738666666666667,0.9128000000000003,within_1_bar,0.9976162097735399,0.8295341922695738,0.9058441558441558,0.9586666666666694,0.0,0.5,6,2.013200000000006
T6b,465,librosa,viterbi,0,qm,0.47619047619047616,45.8,54.858666666666664,9.058666666666667,4.755800000000001,off,1.0,0.7138836772983115,0.8330596606458676,2.3359999999999985,0.0,0.0,4,4.905599999999997
T6b,115,librosa,viterbi,0,qm,0.5172413793103449,42.8,38.912,-3.887999999999998,-1.8791999999999989,off,0.5754716981132075,1.0,0.7305389221556886,6.825999999999993,0.0,0.0,4,13.19693333333332
T6b,236,librosa,viterbi,0,qm,0.4411764705882353,43.2,50.784,7.583999999999996,4.297599999999998,off,1.0,0.5898261429491307,0.7420008100445524,6.663999999999994,0.0,0.0,6,15.105066666666655
T6b,517,librosa,viterbi,0,qm,0.5000488134184972,18.1,19.701333333333334,1.6013333333333328,0.8005885077429215,within_1_bar,0.95,0.81640625,0.8781512605042017,3.5566666666666666,0.0,0.16666666666666666,6,7.11263894889007
T6b,351,librosa,viterbi,0,qm,0.47619047619047616,34.3,37.888,3.588000000000001,1.8837000000000006,off,1.0,0.8544857768052516,0.9215339233038348,3.78733333333334,0.0,0.0,4,7.9534000000000145
T6b,91,librosa,viterbi,0,qm,0.47619047619047616,32.4,47.18933333333333,14.789333333333332,7.764399999999999,off,0.6804374240583232,0.735873850197109,0.707070707070707,10.022666666666666,0.25,0.25,4,21.0476
T6b,30,librosa,viterbi,0,qm,0.46875,75.2,78.69866666666667,3.498666666666665,1.8659555555555547,off,0.9961928934010152,0.8731924360400445,0.9306461173681091,3.6953333333333305,0.0,0.25,4,7.883377777777771
T6b,8,librosa,viterbi,0,qm,0.5217391304347826,68.9,74.99733333333333,6.097333333333324,2.921638888888885,off,0.5572315882874889,0.8362183754993342,0.6687965921192757,12.41533333333335,0.0,0.0,4,23.79605555555559
T6b,467,librosa,viterbi,0,qm,0.46875,60.1,65.29066666666667,5.190666666666665,2.7683555555555546,off,1.0,0.6886477462437396,0.8156203657933762,8.387333333333334,0.0,0.0,4,17.89297777777778
T6b,177,librosa,viterbi,0,qm,0.47619047619047616,23.3,30.026666666666667,6.726666666666667,3.5315000000000003,off,0.9753623188405797,0.8937583001328021,0.9327789327789328,1.2673333333333332,0.0,0.25,4,2.6614
T6b,171,librosa,viterbi,0,qm,0.4838709677419355,54.2,53.99466666666667,-0.2053333333333356,-0.10608888888889005,exact,0.9757975797579758,0.8808341608738828,0.9258872651356992,1.7466666666666555,0.0,0.3333333333333333,6,3.6097777777777544
T6b,36,librosa,viterbi,0,qm,0.47244094488188976,54.6,54.67733333333333,0.07733333333332837,0.0409222222222196,exact,0.9410876132930514,0.968895800933126,0.9547892720306513,1.007333333333328,0.25,0.5,4,2.132188888888878
T6b,389,librosa,viterbi,0,qm,0.47619047619047616,15.2,20.75733333333333,5.557333333333332,2.9175999999999997,off,0.9455782312925171,0.9127579737335835,0.9288782816229118,4.578000000000003,0.0,0.25,4,9.613800000000007
T6b,98,librosa,viterbi,0,qm,0.46875,71.3,71.06133333333334,-0.23866666666665992,-0.1272888888888853,exact,0.8078484438430311,0.996661101836394,0.8923766816143498,0.3953333333333404,0.0,0.5,4,0.8433777777777929
T6b,38,librosa,viterbi,0,qm,0.47619047619047616,45.7,47.413333333333334,1.7133333333333312,0.8994999999999989,within_1_bar,0.8266666666666667,0.9776609724047306,0.8958458759783262,1.9633333333333205,0.0,0.25,4,4.122999999999974
T6b,354,librosa,viterbi,0,qm,0.48,17.8,30.602666666666668,12.802666666666667,6.668055555555556,off,0.9898697539797395,0.7916666666666666,0.879742765273312,0.980000000000004,0.0,0.0,6,2.041666666666675
T6b,180,librosa,viterbi,0,qm,0.4838709677419355,112.3,55.690666666666665,-56.60933333333333,-29.248155555555552,off,0.6038159371492705,0.8691437802907916,0.7125827814569538,2.9186666666666667,0.0,0.16666666666666666,6,6.0319111111111114
T6b,168,librosa,viterbi,0,qm,0.4918032786885246,51.1,50.922666666666665,-0.1773333333333369,-0.09014444444444626,exact,0.8923512747875354,0.9402985074626866,0.9156976744186047,2.0066666666666677,0.0,0.5,4,4.080222222222225
T6b,46,librosa,viterbi,0,qm,0.37037037037037035,57.1,54.56,-2.539999999999999,-1.7144999999999995,off,0.6655683690280065,0.891832229580574,0.7622641509433962,2.8293333333333415,0.0,0.0,6,7.639200000000022
T6b,480,librosa,viterbi,0,qm,0.4838709677419355,92.9,92.43733333333333,-0.4626666666666779,-0.23904444444445022,exact,0.9608192341941229,0.8851517637407711,0.9214346712211785,2.872,0.0,0.3333333333333333,6,5.935466666666667
T6b,131,librosa,viterbi,0,qm,0.4838709677419355,31.7,32.68266666666667,0.9826666666666704,0.507711111111113,within_1_bar,0.9524838012958964,0.9681668496158068,0.9602612955906369,0.9619999999999997,0.0,0.0,6,1.9881333333333326
T6b,336,librosa,viterbi,0,qm,0.47619047619047616,53.3,53.152,-0.14799999999999613,-0.07769999999999798,exact,0.9977142857142857,0.8181818181818182,0.8990731204943357,2.8333333333333215,0.0,0.3333333333333333,6,5.949999999999975
T6b,522,librosa,viterbi,0,qm,0.47619047619047616,30.5,34.08,3.5799999999999983,1.8794999999999993,off,0.9959100204498977,0.9128397375820057,0.9525672371638143,2.646666666666661,0.0,0.25,4,5.557999999999989
T6b,397,librosa,viterbi,0,qm,0.47619047619047616,47.8,49.25866666666667,1.458666666666673,0.7658000000000034,within_1_bar,0.9824970828471412,0.9212253829321663,0.950875211744777,1.907999999999987,0.0,0.0,4,4.006799999999973
T6b,547,librosa,viterbi,0,qm,0.46875,91.8,87.95733333333334,-3.842666666666659,-2.0494222222222183,off,0.7204968944099379,0.9666666666666667,0.8256227758007116,3.8426666666666662,0.0,0.0,6,8.197688888888887
T6b,491,librosa,viterbi,0,qm,0.48,61.4,62.95466666666667,1.5546666666666695,0.8097222222222238,within_1_bar,0.9010819165378671,0.9479674796747968,0.9239302694136292,1.5593333333333312,0.0,0.0,4,3.248611111111107
T6b,68,librosa,viterbi,0,qm,0.4838709677419355,77.5,78.98666666666666,1.4866666666666646,0.76811111111111,within_1_bar,0.9103343465045592,0.9692556634304207,0.938871473354232,0.9786666666666619,0.0,0.5,4,2.022577777777768
T6b,317,librosa,viterbi,0,qm,0.46875,33.7,33.333333333333336,-0.36666666666666714,-0.19555555555555582,exact,0.9347826086956522,0.9544950055493896,0.9445359692476661,0.9359999999999999,0.0,0.5,6,1.9968
T6b,297,librosa,viterbi,0,qm,0.48,38.9,41.781333333333336,2.8813333333333375,1.5006944444444468,off,0.7158808933002482,0.9366883116883117,0.8115330520393812,6.736000000000001,0.0,0.0,4,14.033333333333335
T6b,321,librosa,viterbi,0,qm,0.47619047619047616,15.2,18.837333333333333,3.637333333333334,1.9096000000000006,off,0.97875,0.8566739606126915,0.9136522753792299,2.079333333333338,0.0,0.0,6,4.36660000000001
T6b,255,librosa,viterbi,0,qm,0.46875,32.1,33.45066666666666,1.3506666666666618,0.720355555555553,within_1_bar,0.9279069767441861,0.905788876276958,0.9167145318782309,1.3499999999999979,0.0,0.0,6,2.8799999999999955
T6b,235,librosa,viterbi,0,qm,0.47244094488188976,45.4,44.906666666666666,-0.4933333333333323,-0.261055555555555,within_1_bar,0.9817684594348223,0.7919117647058823,0.8766788766788767,2.818000000000005,0.0,0.16666666666666666,6,5.964766666666677
T6b,430,librosa,viterbi,0,qm,0.46511627906976744,55.8,57.49333333333333,1.6933333333333351,0.9101666666666677,within_1_bar,0.8603268945022289,0.9714765100671141,0.9125295508274233,1.8440000000000119,0.0,0.25,4,3.9646000000000257
T6b,288,librosa,viterbi,0,qm,0.48,46.1,47.57333333333333,1.4733333333333292,0.7673611111111089,within_1_bar,0.846307385229541,0.9217391304347826,0.882414151925078,3.393333333333331,0.0,0.25,4,7.069444444444439
T6b,99,librosa,viterbi,0,qm,0.47619047619047616,30.5,34.08,3.5799999999999983,1.8794999999999993,off,0.9488095238095238,0.9310747663551402,0.9398584905660378,1.1479999999999997,0.0,0.5,6,2.4107999999999996
T6b,130,librosa,viterbi,0,qm,0.48,61.6,61.38666666666666,-0.21333333333333826,-0.11111111111111369,exact,0.8703878902554399,0.9978308026030369,0.9297625063163213,0.22866666666666902,0.0,0.75,4,0.4763888888888938
T6b,388,librosa,viterbi,0,qm,0.47619047619047616,35.2,37.664,2.4639999999999986,1.2935999999999994,off,0.9722222222222222,0.9180327868852459,0.9443507588532883,1.7846666666666664,0.0,0.0,4,3.7478
T6b,203,librosa,viterbi,0,qm,0.47244094488188976,18.9,103.49866666666667,84.59866666666667,44.76679444444445,off,1.0,0.48324514991181655,0.6516052318668253,6.5973333333333315,0.0,0.0,2,13.964355555555551
T6b,261,librosa,viterbi,0,qm,0.49586776859504134,63.5,65.26933333333334,1.7693333333333356,0.89203888888889,within_1_bar,1.0,0.855985598559856,0.9224054316197867,3.9653333333333336,0.0,0.0,4,7.996755555555556
T6b,511,librosa,viterbi,0,qm,0.46875,45.0,46.730666666666664,1.7306666666666644,0.923022222222221,within_1_bar,0.9778270509977827,0.98,0.978912319644839,0.9373333333333349,0.0,0.5,4,1.9996444444444479
T6b,258,librosa,viterbi,0,qm,0.46875,15.0,20.181333333333335,5.181333333333335,2.7633777777777784,off,1.0,0.7609022556390977,0.8642186165670368,4.686666666666667,0.0,0.0,6,9.998222222222223
T6c,176,librosa,viterbi,0,beat_this_mixxx,0.47619047619047616,60.9,62.4,1.5,0.7875000000000001,within_1_bar,0.7550471063257066,0.919672131147541,0.8292682926829269,3.38333333333334,0.0,0.0,4,7.105000000000015
T6c,10,librosa,viterbi,0,beat_this_mixxx,0.4878048780487805,47.3,48.32,1.0200000000000031,0.5227500000000016,within_1_bar,0.991869918699187,0.9408740359897172,0.9656992084432716,0.8573333333333402,0.0,0.0,4,1.7575333333333474
T6c,170,librosa,viterbi,0,beat_this_mixxx,0.4688181818181818,45.7,48.32,2.6199999999999974,1.3971301144076,off,0.9166666666666666,0.7842205323193916,0.8452868852459017,2.814000000000007,0.0,0.0,6,6.002326934264122
T6c,219,librosa,viterbi,0,beat_this_mixxx,0.42857142857142855,41.2,49.35466666666667,8.154666666666664,4.756888888888888,off,0.6718547341115434,0.7562043795620438,0.7115384615384615,6.437333333333331,0.0,0.0,4,15.02044444444444
T6c,418,librosa,viterbi,0,beat_this_mixxx,0.48,30.7,32.16,1.4599999999999973,0.7604166666666653,within_1_bar,0.9680672268907563,0.9365853658536586,0.9520661157024793,1.4700000000000006,0.0,0.25,4,3.0625000000000013
T6c,151,librosa,viterbi,0,beat_this_mixxx,0.47619047619047616,63.8,62.44266666666667,-1.3573333333333295,-0.712599999999998,within_1_bar,0.9516666666666667,0.9677966101694915,0.9596638655462185,1.3699999999999974,0.0,0.0,4,2.876999999999995
T6c,502,librosa,viterbi,0,beat_this_mixxx,0.46875,7.5,18.357333333333333,10.857333333333333,5.790577777777778,off,0.9335748792270532,0.8579356270810211,0.8941584731058415,1.4593333333333192,0.0,0.3333333333333333,6,3.113244444444414
T6c,241,librosa,viterbi,0,beat_this_mixxx,0.46875,45.2,44.74666666666667,-0.45333333333333314,-0.24177777777777767,exact,0.7957824639289678,0.956,0.868564506359782,3.3033333333333417,0.0,0.25,4,7.047111111111129
T6c,175,librosa,viterbi,0,beat_this_mixxx,0.4918032786885246,48.3,48.906666666666666,0.6066666666666691,0.30838888888889016,within_1_bar,0.6489707475622969,0.9661290322580646,0.7764095917044719,1.4413333333333327,0.0,0.0,4,2.9307111111111097
T6c,504,librosa,viterbi,0,beat_this_mixxx,0.47619047619047616,24.8,26.538666666666668,1.738666666666667,0.9128000000000003,within_1_bar,0.9976162097735399,0.8295341922695738,0.9058441558441558,0.9586666666666694,0.0,0.5,6,2.013200000000006
T6c,465,librosa,viterbi,0,beat_this_mixxx,0.47619047619047616,45.8,54.858666666666664,9.058666666666667,4.755800000000001,off,1.0,0.7138836772983115,0.8330596606458676,2.3359999999999985,0.0,0.0,4,4.905599999999997
T6c,115,librosa,viterbi,0,beat_this_mixxx,0.5172413793103449,42.8,38.912,-3.887999999999998,-1.8791999999999989,off,0.5754716981132075,1.0,0.7305389221556886,6.825999999999993,0.0,0.0,4,13.19693333333332
T6c,236,librosa,viterbi,0,beat_this_mixxx,0.4411764705882353,43.2,50.784,7.583999999999996,4.297599999999998,off,1.0,0.5898261429491307,0.7420008100445524,6.663999999999994,0.0,0.0,6,15.105066666666655
T6c,517,librosa,viterbi,0,beat_this_mixxx,0.5,18.1,19.701333333333334,1.6013333333333328,0.8006666666666664,within_1_bar,0.95,0.81640625,0.8781512605042017,3.551333333333341,0.0,0.16666666666666666,6,7.102666666666682
T6c,351,librosa,viterbi,0,beat_this_mixxx,0.47619047619047616,34.3,37.888,3.588000000000001,1.8837000000000006,off,1.0,0.8544857768052516,0.9215339233038348,3.78733333333334,0.0,0.0,4,7.9534000000000145
T6c,91,librosa,viterbi,0,beat_this_mixxx,0.47619047619047616,32.4,47.18933333333333,14.789333333333332,7.764399999999999,off,0.6804374240583232,0.735873850197109,0.707070707070707,10.022666666666666,0.25,0.25,4,21.0476
T6c,30,librosa,viterbi,0,beat_this_mixxx,0.46875,75.2,78.69866666666667,3.498666666666665,1.8659555555555547,off,0.9961928934010152,0.8731924360400445,0.9306461173681091,3.6953333333333305,0.0,0.25,4,7.883377777777771
T6c,8,librosa,viterbi,0,beat_this_mixxx,0.5217391304347826,68.9,74.99733333333333,6.097333333333324,2.921638888888885,off,0.5572315882874889,0.8362183754993342,0.6687965921192757,12.41533333333335,0.0,0.0,4,23.79605555555559
T6c,467,librosa,viterbi,0,beat_this_mixxx,0.46860082304526757,60.1,65.26933333333334,5.169333333333334,2.757855449196452,off,1.0,0.7504173622704507,0.8574153552694326,7.472666666666672,0.0,0.0,4,15.946763853517178
T6c,177,librosa,viterbi,0,beat_this_mixxx,0.47650562541363334,23.3,31.957333333333334,8.657333333333334,4.542093981481482,off,0.9746646795827124,0.8685258964143426,0.9185393258426966,1.2460000000000022,0.0,0.25,4,2.6148694444444494
T6c,171,librosa,viterbi,0,beat_this_mixxx,0.4839498432601881,54.2,54.00533333333333,-0.1946666666666701,-0.10056138532625301,exact,0.9757975797579758,0.8808341608738828,0.9258872651356992,1.778666666666652,0.0,0.3333333333333333,6,3.6753120006909055
T6c,36,librosa,viterbi,0,beat_this_mixxx,0.47244094488188976,54.6,54.67733333333333,0.07733333333332837,0.0409222222222196,exact,0.9410876132930514,0.968895800933126,0.9547892720306513,1.007333333333328,0.25,0.5,4,2.132188888888878
T6c,389,librosa,viterbi,0,beat_this_mixxx,0.47619047619047616,15.2,20.75733333333333,5.557333333333332,2.9175999999999997,off,0.9455782312925171,0.9127579737335835,0.9288782816229118,4.578000000000003,0.0,0.25,4,9.613800000000007
T6c,98,librosa,viterbi,0,beat_this_mixxx,0.46875,71.3,71.06133333333334,-0.23866666666665992,-0.1272888888888853,exact,0.8078484438430311,0.996661101836394,0.8923766816143498,0.3953333333333404,0.0,0.5,4,0.8433777777777929
T6c,38,librosa,viterbi,0,beat_this_mixxx,0.47619047619047616,45.7,47.413333333333334,1.7133333333333312,0.8994999999999989,within_1_bar,0.8266666666666667,0.9776609724047306,0.8958458759783262,1.9633333333333205,0.0,0.25,4,4.122999999999974
T6c,354,librosa,viterbi,0,beat_this_mixxx,0.48,17.8,30.602666666666668,12.802666666666667,6.668055555555556,off,0.9898697539797395,0.7916666666666666,0.879742765273312,0.980000000000004,0.0,0.0,6,2.041666666666675
T6c,180,librosa,viterbi,0,beat_this_mixxx,0.4838709677419355,112.3,55.690666666666665,-56.60933333333333,-29.248155555555552,off,0.6038159371492705,0.8691437802907916,0.7125827814569538,2.9186666666666667,0.0,0.16666666666666666,6,6.0319111111111114
T6c,168,librosa,viterbi,0,beat_this_mixxx,0.4918032786885246,51.1,50.922666666666665,-0.1773333333333369,-0.09014444444444626,exact,0.8923512747875354,0.9402985074626866,0.9156976744186047,2.0066666666666677,0.0,0.5,4,4.080222222222225
T6c,46,librosa,viterbi,0,beat_this_mixxx,0.4918032786885246,57.1,54.69866666666667,-2.4013333333333335,-1.220677777777778,off,0.8645038167938931,1.0,0.9273285568065507,1.5826666666666576,0.0,0.25,4,3.2180888888888703
T6c,480,librosa,viterbi,0,beat_this_mixxx,0.4838709677419355,92.9,92.43733333333333,-0.4626666666666779,-0.23904444444445022,exact,0.9608192341941229,0.8851517637407711,0.9214346712211785,2.872,0.0,0.3333333333333333,6,5.935466666666667
T6c,131,librosa,viterbi,0,beat_this_mixxx,0.4838709677419355,31.7,32.68266666666667,0.9826666666666704,0.507711111111113,within_1_bar,0.9524838012958964,0.9681668496158068,0.9602612955906369,0.9619999999999997,0.0,0.0,6,1.9881333333333326
T6c,336,librosa,viterbi,0,beat_this_mixxx,0.47619047619047616,53.3,53.152,-0.14799999999999613,-0.07769999999999798,exact,0.9977142857142857,0.8181818181818182,0.8990731204943357,2.8333333333333215,0.0,0.3333333333333333,6,5.949999999999975
T6c,522,librosa,viterbi,0,beat_this_mixxx,0.47619047619047616,30.5,34.08,3.5799999999999983,1.8794999999999993,off,0.9959100204498977,0.9128397375820057,0.9525672371638143,2.646666666666661,0.0,0.25,4,5.557999999999989
T6c,397,librosa,viterbi,0,beat_this_mixxx,0.47619047619047616,47.8,49.25866666666667,1.458666666666673,0.7658000000000034,within_1_bar,0.9824970828471412,0.9212253829321663,0.950875211744777,1.907999999999987,0.0,0.0,4,4.006799999999973
T6c,547,librosa,viterbi,0,beat_this_mixxx,0.46875,91.8,87.95733333333334,-3.842666666666659,-2.0494222222222183,off,0.7204968944099379,0.9666666666666667,0.8256227758007116,3.8426666666666662,0.0,0.0,6,8.197688888888887
T6c,491,librosa,viterbi,0,beat_this_mixxx,0.48,61.4,62.95466666666667,1.5546666666666695,0.8097222222222238,within_1_bar,0.9010819165378671,0.9479674796747968,0.9239302694136292,1.5593333333333312,0.0,0.0,4,3.248611111111107
T6c,68,librosa,viterbi,0,beat_this_mixxx,0.4838709677419355,77.5,78.98666666666666,1.4866666666666646,0.76811111111111,within_1_bar,0.9103343465045592,0.9692556634304207,0.938871473354232,0.9786666666666619,0.0,0.5,4,2.022577777777768
T6c,317,librosa,viterbi,0,beat_this_mixxx,0.46875,33.7,33.333333333333336,-0.36666666666666714,-0.19555555555555582,exact,0.9347826086956522,0.9544950055493896,0.9445359692476661,0.9359999999999999,0.0,0.5,6,1.9968
T6c,297,librosa,viterbi,0,beat_this_mixxx,0.48,38.9,41.781333333333336,2.8813333333333375,1.5006944444444468,off,0.7158808933002482,0.9366883116883117,0.8115330520393812,6.736000000000001,0.0,0.0,4,14.033333333333335
T6c,321,librosa,viterbi,0,beat_this_mixxx,0.47619047619047616,15.2,18.837333333333333,3.637333333333334,1.9096000000000006,off,0.97875,0.8566739606126915,0.9136522753792299,2.079333333333338,0.0,0.0,6,4.36660000000001
T6c,255,librosa,viterbi,0,beat_this_mixxx,0.46875,32.1,33.45066666666666,1.3506666666666618,0.720355555555553,within_1_bar,0.9279069767441861,0.905788876276958,0.9167145318782309,1.3499999999999979,0.0,0.0,6,2.8799999999999955
T6c,235,librosa,viterbi,0,beat_this_mixxx,0.47244094488188976,45.4,44.906666666666666,-0.4933333333333323,-0.261055555555555,within_1_bar,0.9817684594348223,0.7919117647058823,0.8766788766788767,2.818000000000005,0.0,0.16666666666666666,6,5.964766666666677
T6c,430,librosa,viterbi,0,beat_this_mixxx,0.46511627906976744,55.8,57.49333333333333,1.6933333333333351,0.9101666666666677,within_1_bar,0.8603268945022289,0.9714765100671141,0.9125295508274233,1.8440000000000119,0.0,0.25,4,3.9646000000000257
T6c,288,librosa,viterbi,0,beat_this_mixxx,0.48,46.1,47.57333333333333,1.4733333333333292,0.7673611111111089,within_1_bar,0.846307385229541,0.9217391304347826,0.882414151925078,3.393333333333331,0.0,0.25,4,7.069444444444439
T6c,99,librosa,viterbi,0,beat_this_mixxx,0.47619047619047616,30.5,34.08,3.5799999999999983,1.8794999999999993,off,0.9488095238095238,0.9310747663551402,0.9398584905660378,1.1479999999999997,0.0,0.5,6,2.4107999999999996
T6c,130,librosa,viterbi,0,beat_this_mixxx,0.48,61.6,61.38666666666666,-0.21333333333333826,-0.11111111111111369,exact,0.8703878902554399,0.9978308026030369,0.9297625063163213,0.22866666666666902,0.0,0.75,4,0.4763888888888938
T6c,388,librosa,viterbi,0,beat_this_mixxx,0.47619047619047616,35.2,37.664,2.4639999999999986,1.2935999999999994,off,0.9722222222222222,0.9180327868852459,0.9443507588532883,1.7846666666666664,0.0,0.0,4,3.7478
T6c,203,librosa,viterbi,0,beat_this_mixxx,0.47244094488188976,18.9,103.49866666666667,84.59866666666667,44.76679444444445,off,1.0,0.48324514991181655,0.6516052318668253,6.5973333333333315,0.0,0.0,2,13.964355555555551
T6c,261,librosa,viterbi,0,beat_this_mixxx,0.4959512195121952,63.5,65.28,1.7800000000000011,0.8972656634208719,within_1_bar,1.0,0.8568856885688569,0.9229277750848279,3.960000000000008,0.0,0.0,4,7.984656240779006
T6c,511,librosa,viterbi,0,beat_this_mixxx,0.46875,45.0,46.730666666666664,1.7306666666666644,0.923022222222221,within_1_bar,0.9778270509977827,0.98,0.978912319644839,0.9373333333333349,0.0,0.5,4,1.9996444444444479
T6c,258,librosa,viterbi,0,beat_this_mixxx,0.46875,15.0,20.181333333333335,5.181333333333335,2.7633777777777784,off,1.0,0.7609022556390977,0.8642186165670368,4.686666666666667,0.0,0.0,6,9.998222222222223
